Please select your gender.,Area,Internet Service Provider Name,Connection Type,Router Name,Router type,Number of Devices,Average Downtime in Minutes,Cost in BDT,Internet Speed in Mbps,How long you are using this connection from your current ISP?,How would you rate the technical support quality of your ISP?,Would you recommend your ISP to your friends or known persons?
Male,Mirpur 1 ,U tech,Fiber Optic,TP link,Dual-band (2.4GHz and 5GHz),5,2,800,20,Less than 1 year,Good,Yes
Male,badda,tenda,Fiber Optic,tenda ,Dual-band (2.4GHz and 5GHz),3,240,1000,30,Less than 1 year,Excellent,No
Male,"Kuril,Dhaka",Exord Online ,Fiber Optic,TP Link,Single-band (2.4GHz),4,30,840,20,Less than 1 year,Excellent,Yes
Male,Bashundhara R/A,Dot Internet,Fiber Optic,Tp Link Deco M4,Dual-band (2.4GHz and 5GHz),10,10,1500,60,Less than 1 year,Good,Yes
Male,Badda ,Same online ,Fiber Optic,Archer c6 global,Dual-band (2.4GHz and 5GHz),3,10,800,20,More than 5 years,Excellent,Yes
Male,"Kuril,Dhaka",Speed  Star Dot Net,Fiber Optic,Tenda,Single-band (2.4GHz),7,60,1500,20,1 to 2 years,Good,Yes
Male,Rangpur ,Btcl,Fiber Optic,Authorityzed,Dual-band (2.4GHz and 5GHz),5,0,800,10,Less than 1 year,Excellent,No
Male,"Motijheel,Dhaka",Xpress technologies limited ,Fiber Optic,Tp link,Dual-band (2.4GHz and 5GHz),8,2,1000,10,3 to 4 years,Good,Yes
Male,"BASHUNDHARA R/A, Dhaka",Link3 Limited ,Fiber Optic,Xiaomi,Dual-band (2.4GHz and 5GHz),10,120,1800,20,2 to 3 years,Fair,Yes
Male,bashundhara,carnival,Fiber Optic,tp link,Dual-band (2.4GHz and 5GHz),5,30,1000,10,2 to 3 years,Good,Yes
Male,"Mirpur, Dhaka",F4 solutions ,Fiber Optic,Tenda,Dual-band (2.4GHz and 5GHz),5,1,500,10,2 to 3 years,Excellent,Yes
Male,Mohammadpur,Furious Net,Fiber Optic,ASUS,Dual-band (2.4GHz and 5GHz),7,10,1000,15,2 to 3 years,Good,Yes
Male,"Green Road, Dhaka",A1 Networks,Cat5e,TP Link,Single-band (2.4GHz),5,0,600,4,More than 5 years,Poor,No
Male,Nikunja 2,Linktech,Fiber Optic,Xiaomi ,Dual-band (2.4GHz and 5GHz),5,5,1000,10,Less than 1 year,Good,Yes
Male,"Kuril, Dhaka",Dot Internet ,Fiber Optic,Cudy WR1300,Dual-band (2.4GHz and 5GHz),More than 10 devices,0,1500,60,Less than 1 year,Excellent,Yes
Female,Nikunja - 2,LincTech,Fiber Optic,Tp Link,Dual-band (2.4GHz and 5GHz),4,20,1000,10,1 to 2 years,Excellent,Yes
Male,"Mirpur, Dhaka ",Pcnet,Fiber Optic,Tplink,Dual-band (2.4GHz and 5GHz),9,90,600,8,4 to 5 years,Fair,No
Male,Dhanmondi,Moon net,Cat5e,Tp link,Single-band (2.4GHz),4,60,800,8,Less than 1 year,Poor,No
Male,"Boshundhora R/A, Dhaka",Dot Internet,Don't know,N/A,Dual-band (2.4GHz and 5GHz),1,5,1500,60,Less than 1 year,Excellent,Yes
Male,"Badda,Dhaka",Triangle ,Cat6,TP Link,Dual-band (2.4GHz and 5GHz),5,30,1500,10,Less than 1 year,Good,Yes
Male,Kuril Bisshow Road,Kingnet,Fiber Optic,tp-link,Single-band (2.4GHz),4,7,600,5,1 to 2 years,Good,Yes
Male,"Bashundhara R/A,Dhaka",KS Network,Fiber Optic,Tenda F3,Single-band (2.4GHz),2,0,800,20,Less than 1 year,Fair,Yes
Male,"Rampura,Dhaka",Exord online ,Fiber Optic,TP Link,Dual-band (2.4GHz and 5GHz),4,180,840,20,1 to 2 years,Good,Yes
Male,"kuril,dhaka",carnival,Don't know,"""N/A""",Don't know,7,0,1600,16,Less than 1 year,Fair,Yes
Male,Mirpur,Bricks Ltd,Fiber Optic,TP Link,Dual-band (2.4GHz and 5GHz),6,10,1000,15,4 to 5 years,Good,Yes
Male,"Joar shahara, Dhaka",Amber It,Fiber Optic,TP link C60,Dual-band (2.4GHz and 5GHz),6,60,1200,25,1 to 2 years,Fair,No
Male,"Bashundhara,Dhaka",Dot Internet,Fiber Optic,TP Link,Don't know,6,60,1200,20,Less than 1 year,Good,Yes
Male,"Banasree, Dhaka ",Exord Online ,Don't know,Tenda,Dual-band (2.4GHz and 5GHz),6,30,840,20,1 to 2 years,Good,Yes
Male,"Bashundhara R/A,Dhaka",Zip Net,Fiber Optic,Mi Router 4C,Dual-band (2.4GHz and 5GHz),7,60,1000,20,Less than 1 year,Fair,Yes
Male,Naya-Paltan,Dot Internet,Fiber Optic,Tenda TX3/RX3,Dual-band (2.4GHz and 5GHz),6,30,1000,40,Less than 1 year,Good,Yes
Male,"Turag, Dhaka",Maisha net,Cat6,D link,Single-band (2.4GHz),5,100,500,3.5,1 to 2 years,Very poor,No
Male,"Khilkhet, Dhaka",Tuhin Enterprise,Fiber Optic,TP Link,Single-band (2.4GHz),6,5,800,15,1 to 2 years,Good,No
Male,"Bashundhara R/A, Dhaka",KS network,Fiber Optic,TP Link,Dual-band (2.4GHz and 5GHz),10,120,2000,100,2 to 3 years,Good,Yes
Male,Vatara,Apple Communication,Fiber Optic,Tenda,Single-band (2.4GHz),6,20,5000,5,1 to 2 years,Fair,Yes
Male,"Malibagh, Dhaka",Sam Online,Fiber Optic,ASUS,Dual-band (2.4GHz and 5GHz),5,15,1000,20,1 to 2 years,Good,Yes
Male,Dhaka,NETCOM INTERNET,Fiber Optic,TP link,Single-band (2.4GHz),7,0,800,20,1 to 2 years,Excellent,Yes
Male,Dhaka or Badda,Aftabnagar online service ,Fiber Optic,TP link,Don't know,6,70,1200,35,More than 5 years,Good,Yes
Male,Dhaka Mirpur ,Sky net,Fiber Optic,TP Link,Single-band (2.4GHz),3,5,500,5,1 to 2 years,Fair,Yes
Male,"Bashundhara R/A, Dhaka",Dot internet ,Fiber Optic,Tp Link,Dual-band (2.4GHz and 5GHz),More than 10 devices,30,1000,50,1 to 2 years,Good,Yes
Male,"Uttara, Dhaka",N.S. Broadband network ,Fiber Optic,Tipilink,Don't know,2,120,500,5,Less than 1 year,Fair,Yes
Female,Bashundhara ,Orbit,Fiber Optic,Tp link,Dual-band (2.4GHz and 5GHz),More than 10 devices,60,750,20,Less than 1 year,Very poor,No
Male,Khilkhet,Amber IT,Fiber Optic,TP Link,Dual-band (2.4GHz and 5GHz),7,0,1200,25,Less than 1 year,Excellent,Yes
Male,Kuril ,Exord Online ,Fiber Optic,TP-Link ,Dual-band (2.4GHz and 5GHz),7,0,1200,18,Less than 1 year,Good,Yes
Male,"Mirpur, Dhaka",Inspire Broadband ,Fiber Optic,Tenda,Dual-band (2.4GHz and 5GHz),6,30,1000,40,1 to 2 years,Good,Yes
Male,elephan road,adda,Cat6,d link,Dual-band (2.4GHz and 5GHz),8,30,500,5,1 to 2 years,Fair,No
Male,Kuril,Dot Internet,Fiber Optic,Archer C6,Dual-band (2.4GHz and 5GHz),More than 10 devices,0,1200,50,Less than 1 year,Excellent,Yes
Male,"Bashundhara, Dhaka ",Dot Internet ,Fiber Optic,TP-link ,Dual-band (2.4GHz and 5GHz),7,2,1000,40,1 to 2 years,Very poor,No
Male,Kuril,Exord Online,Fiber Optic,TP Link,Dual-band (2.4GHz and 5GHz),7,0,1200,18,Less than 1 year,Good,Yes
Female,"Badda,Dhaka",Sam online,Fiber Optic,TP Link,Dual-band (2.4GHz and 5GHz),4,10,500,5,4 to 5 years,Good,Yes
Male,moghbazar,Sam online,Fiber Optic,Tenda,Dual-band (2.4GHz and 5GHz),5,0,500,8,2 to 3 years,Good,Yes
Male,Nikunja-2 ,Pipex Network,Fiber Optic,TP Link Archer C6 Ac1200 Gigabit Router,Dual-band (2.4GHz and 5GHz),9,0,1500,40,1 to 2 years,Excellent,Yes
Male,"Dhaka, kuril, vatara",Bangla 52,Fiber Optic,Tenda,Don't know,3,60,1000,8,2 to 3 years,Fair,No
Male,"Uttara, Dhaka ",Smriti Cable Ltd. ,Fiber Optic,DIR -815,Single-band (2.4GHz),5,40,500,5,Less than 1 year,Good,Yes
Male,Mirpur 10 Dhaka,Inspire Broadband,Fiber Optic,Tplink Deco M4,Dual-band (2.4GHz and 5GHz),More than 10 devices,180,1500,60,2 to 3 years,Good,Yes
Male,"Bashundhara R/A, Block A ",DOT internet ,Fiber Optic,TP Link ,Dual-band (2.4GHz and 5GHz),More than 10 devices,360,1500,60,Less than 1 year,Good,Yes
Male,"Jashore, Khulna",Link3,Fiber Optic,Netis,Single-band (2.4GHz),5,40,500,6,2 to 3 years,Good,Yes
Male,basabo dhaka,planet 3 com,Fiber Optic,tp link,Dual-band (2.4GHz and 5GHz),5,60,600,5,2 to 3 years,Good,Yes
Male,Dhaka Cantonment,Beacon ,Fiber Optic,Tp link,Dual-band (2.4GHz and 5GHz),10,30,800,10,2 to 3 years,Excellent,Yes
Male,"House No : 391,Road No : 11,Block-C,Bashundhara R/A 1229,Bhatara,Dhaka ",DotInternet,Fiber Optic,TP Link,Dual-band (2.4GHz and 5GHz),5,0,850,20,Less than 1 year,Good,Yes
Male,"Mirpur DOHS, Dhaka",Link3 Technologies Limited,Fiber Optic,TP Link,Single-band (2.4GHz),5,10,1050,15,1 to 2 years,Excellent,Yes
Male,"Mirpur-14, Dhaka",CyberHut,Fiber Optic,Tenda,Dual-band (2.4GHz and 5GHz),6,1,500,3.5,More than 5 years,Excellent,Yes
Male,"Cantonment,Dhaka",Mime,Cat6,Xiaomi ,Dual-band (2.4GHz and 5GHz),5,30,1200,10,Less than 1 year,Good,Yes
Male,Rampura ,2 dot net,Fiber Optic,D-link ,Dual-band (2.4GHz and 5GHz),More than 10 devices,240,500,3,More than 5 years,Fair,Yes
Male,"Kuratoli,Dhaka",Speedster ,Fiber Optic,Netis,Dual-band (2.4GHz and 5GHz),10,60,1200,20,1 to 2 years,Good,Yes
Male,Basundhara R/A,Dot Internet,Fiber Optic,Tp-Link & D-Link,Dual-band (2.4GHz and 5GHz),More than 10 devices,30,1000,40,Less than 1 year,Excellent,Yes
Male,"Bashundhara R/A, Dhaka ",Mazeda NT.B,Don't know,D Link ,Don't know,3,30,1200,24,Less than 1 year,Fair,No
Male,"Kuril, Dhaka",Local isp,Fiber Optic,Tp link,Single-band (2.4GHz),5,60,1000,10,2 to 3 years,Fair,No
Male,"Tongi, Gazipur",Asian network ,Fiber Optic,Tp Link archer c6,Dual-band (2.4GHz and 5GHz),7,0,1000,20,1 to 2 years,Fair,Yes
Male,Khilkhet , Tuhin Enterprise,Fiber Optic,Archer C60,Dual-band (2.4GHz and 5GHz),6,0,1200,40,Less than 1 year,Excellent,Yes
Male,"Kuratoli, Khilkhet, Dhaka",speedStar.net,Fiber Optic,D-Link,Single-band (2.4GHz),More than 10 devices,30,1000,10,Less than 1 year,Good,No
Male,"Jurain,Dhaka",Tp link,Fiber Optic,Tp link,Dual-band (2.4GHz and 5GHz),6,120,500,5,3 to 4 years,Good,Yes
Male,"Nikunja, Dhaka",Pippex Network,Don't know,TP Link,Dual-band (2.4GHz and 5GHz),10,60,1500,20,3 to 4 years,Good,Yes
Male,"Mohakhali, Dhaka",Bani Network,Fiber Optic,TP Link,Single-band (2.4GHz),5,30,600,5,Less than 1 year,Fair,No
Male,"Bashundhara, Dhaka",DOT Net,Fiber Optic, TP Link,Dual-band (2.4GHz and 5GHz),More than 10 devices,0,2000,80,Less than 1 year,Good,Yes
Male,DEMRA DHAKA,digital think online,Fiber Optic,n/a,Dual-band (2.4GHz and 5GHz),5,120,1000,15,Less than 1 year,Fair,No
Male,"Kuril, Dhaka",kings internet,Cat5e,D-Link,Single-band (2.4GHz),4,30,500,5,Less than 1 year,Fair,Yes
Male,Shantinagar,Dot Internet,Fiber Optic,TP-Link AC1200,Dual-band (2.4GHz and 5GHz),7,1,1500,60,Less than 1 year,Excellent,Yes
Male,"Nikunja 2, Khilkhet",Exord Online,Fiber Optic,ASUS RT-N12+,Single-band (2.4GHz),8,0,840,20,Less than 1 year,Excellent,Yes
Male,"Banasree, Dhaka",b.net,Cat5e, TP Link ,Dual-band (2.4GHz and 5GHz),4,60,500,15,More than 5 years,Fair,Yes
Female,Dhaka,Dot Internet ,Fiber Optic,Asus,Dual-band (2.4GHz and 5GHz),9,40,850,10,1 to 2 years,Excellent,Yes
Male,"Jatra Bari, Dhaka",X-Link Limited,Fiber Optic,TP Link,Dual-band (2.4GHz and 5GHz),6,0,500,5,3 to 4 years,Good,Yes
Male,"kuturia,Ashulia,Savar,Dhaka",netlinkBD,Cat5e,Xiaomi router 4A,Dual-band (2.4GHz and 5GHz),4,20,700,2,1 to 2 years,Poor,No
Male,Basundhora Residential Area ,Link 3,Fiber Optic,TP Link,Single-band (2.4GHz),5,40,1200,10,2 to 3 years,Good,Yes
Male,"Jatrabari, Dhaka",Sky View Online,Fiber Optic,TP link Archer C6 Gigabit Router,Dual-band (2.4GHz and 5GHz),6,120,1000,6,More than 5 years,Good,Yes
Male,"kuril,Dhaka",Kadir cables,Fiber Optic,Tp link,Dual-band (2.4GHz and 5GHz),8,40,1200,15,Less than 1 year,Good,Yes
Male,Kuril,Exord Online ,Don't know,TP Link,Dual-band (2.4GHz and 5GHz),6,70,1050,40,Less than 1 year,Good,Yes
Male,"Ishurdi, Dhaka",ICN,Fiber Optic,TP Link Archer C6,Dual-band (2.4GHz and 5GHz),More than 10 devices,10,700,10,More than 5 years,Fair,Yes
Male,Mohammadpur ,Dot Internet,Fiber Optic,Tenda,Dual-band (2.4GHz and 5GHz),5,14,850,20,1 to 2 years,Good,Yes
Male,Khilkhet,AmberIt,Fiber Optic,TP Link,Dual-band (2.4GHz and 5GHz),7,30,1200,12,Less than 1 year,Good,Yes
Male,"Mudhapara, Dhaka",JBH Net,Fiber Optic,TP Link,Dual-band (2.4GHz and 5GHz),6,2,500,5,2 to 3 years,Good,Yes
Male,"Moghbazar, Dhaka",Moghbazar dot net,Fiber Optic,TP Link,Single-band (2.4GHz),4,120,600,5,1 to 2 years,Fair,No
Male,"Badda,Dhaka",speed star.net,Fiber Optic,Xiaomi router,Single-band (2.4GHz),8,5,1000,8,Less than 1 year,Good,Yes
Male,"Vatara, Dhaka",AXN ONLINE,Fiber Optic,"Tenda, TP Link",Dual-band (2.4GHz and 5GHz),3,150,500,5,Less than 1 year,Fair,Yes
Male,Tongi,Mr.Net,Fiber Optic,TP Link Archer C6,Dual-band (2.4GHz and 5GHz),5,90,1200,25,4 to 5 years,Excellent,No
Male,Nikunja-2,LinkTech IT,Fiber Optic,Tenda,Dual-band (2.4GHz and 5GHz),3,0,800,10,1 to 2 years,Excellent,Yes
Male,"Mirpur, Dhaka Bangladesh ",NET.PLUS,Fiber Optic,TP,Dual-band (2.4GHz and 5GHz),5,30,500,5,Less than 1 year,Good,No
Male,"Mohakhali, dhaka",SuBnet,Cat6,TP Link,Dual-band (2.4GHz and 5GHz),7,10,500,10,1 to 2 years,Excellent,Yes
Male,"Kafrul, Dhaka",Speednet Communication ,Cat6,Tenda,Dual-band (2.4GHz and 5GHz),3,20,600,5,3 to 4 years,Good,Yes
Male,Aftabnagar,Bnet,Cat5e,Xiaomi,Single-band (2.4GHz),9,0,800,40,1 to 2 years,Good,Yes
Male,"Khagan, Savar",Powernet.com,Fiber Optic,Chapling Squad ,Single-band (2.4GHz),10,60,600,5,1 to 2 years,Excellent,No
Male,Savar,PowerNet,Cat6,Tp-Link,Dual-band (2.4GHz and 5GHz),6,30,630,12,Less than 1 year,Fair,No
Male,"Savar,Dhaka",Speedy Net,Fiber Optic,TP Link,Single-band (2.4GHz),7,180,630,12,Less than 1 year,Poor,No
Male,"Dhamrai,Dhaka",Ekushe net,Cat6,Tp Link,Single-band (2.4GHz),3,60,500,3,3 to 4 years,Poor,No
Female,"Mona Hall,Birulia,Savar,Dhaka",Power Net,Fiber Optic,TP Link,Dual-band (2.4GHz and 5GHz),2,30,525,10,Less than 1 year,Excellent,Yes
Male,"Asulia,savar,Dhaka.",Speed net,Fiber Optic,Tp link,Dual-band (2.4GHz and 5GHz),8,40,630,2,Less than 1 year,Good,Yes
Female,"Ashuliya,savar",I don't  know,Fiber Optic,Tenda,Dual-band (2.4GHz and 5GHz),1,60,1000,5,Less than 1 year,Good,Yes
Female,"Ashulia,savar,dhaka",Don't know,Don't know,192.168.0.114,Single-band (2.4GHz),More than 10 devices,60,1000,5,Less than 1 year,Good,No
Male,"Savar,Dhaka",Speedy Net,Fiber Optic,Speedy Net,Single-band (2.4GHz),7,200,630,12,Less than 1 year,Fair,No
Female,Jahangirnagar University campus,Turjo ,Fiber Optic,Tp link,Dual-band (2.4GHz and 5GHz),3,60,500,5,1 to 2 years,Good,Yes
Female,"Khagan,Saver,Dhaka ",Tenda,Cat6,N/A,Dual-band (2.4GHz and 5GHz),6,60,610,8,1 to 2 years,Poor,No
Female,"Savar, Kolma",Star Internet Service,Fiber Optic,TP Link,Dual-band (2.4GHz and 5GHz),2,60,800,10,4 to 5 years,Good,Yes
Female,"Baraipara, Ashulia, Savar, Dhaka ",Astha poribar,Don't know,Tp link,Dual-band (2.4GHz and 5GHz),4,60,1000,5,4 to 5 years,Good,No
Male,Nikunja 2,Linctech,Fiber Optic,TpLink,Dual-band (2.4GHz and 5GHz),More than 10 devices,30,1000,10,4 to 5 years,Fair,Yes
Male,"Jamgora,Dhaka",N/A,Don't know,N/A,Don't know,1,0,489,7,Less than 1 year,Fair,No
Female,"Norshinghupur,Dhaka ",Shirajul islam,Don't know,Tp link,Don't know,3,60,800,4,2 to 3 years,Good,Yes
Prefer not to say,Dhaka,Master net,Cat5e,Tplink ,Single-band (2.4GHz),3,40,400,2,Less than 1 year,Fair,Yes
Female,"Kafrul, Dhaka",Palace Cable,Cat6,TP link,Dual-band (2.4GHz and 5GHz),6,45,500,5,4 to 5 years,Good,Yes
Male,"Dhamrai,Dhaka",Monir vai,Don't know,TP Link,Don't know,5,0.3,500,4,3 to 4 years,Good,Yes
Male,Uttara Dhaka,Robi/ wifi,Don't know,Mi,Don't know,4,60,500,5,Less than 1 year,Good,No
Female,"Mirpur DOHS, Dhaka",Link3,Fiber Optic,Tp link,Dual-band (2.4GHz and 5GHz),5,120,1300,5,1 to 2 years,Fair,No
Male,"Khagan, Dhaka ",Power net,Cat6,TP-link,Dual-band (2.4GHz and 5GHz),5,2,525,5,1 to 2 years,Fair,No
Male,"Savar, Dhaka",Power Net,Fiber Optic,TP LINK,Single-band (2.4GHz),8,60,1250,30,Less than 1 year,Good,Yes
Male,"Charabag, Ashulia, Dhaka",Mesh Network ,Fiber Optic,TP- Link Archer C60 AC1350 Wireless Dual Band Router,Dual-band (2.4GHz and 5GHz),5,90,525,5,1 to 2 years,Good,Yes
Male,Mohammadpur,Furious Net,Fiber Optic,TP-Link,Dual-band (2.4GHz and 5GHz),More than 10 devices,180,1000,15,2 to 3 years,Fair,Yes
Male,Mirpur 2 Dhaka 1216,Janvi net,Fiber Optic,TP link,Single-band (2.4GHz),4,4,500,6,2 to 3 years,Excellent,Yes
Male,"Dhamrai, Dhaka",Dnet,Cat5e,Tp-Link,Dual-band (2.4GHz and 5GHz),5,60.3,500,2,3 to 4 years,Fair,Yes
Male,"Dhamrai, Dhaka",i3 weebly,Cat5e,N/A,Don't know,1,10,1000,10,1 to 2 years,Fair,Yes
Male,"Savar, Dhaka",Circle Network  ,Fiber Optic,TP Link,Single-band (2.4GHz),4,120,500,4,2 to 3 years,Good,No
Female,"Khagan, Savar ",Nur,Fiber Optic,Tenda ,Dual-band (2.4GHz and 5GHz),6,60,650,8,Less than 1 year,Poor,No
Female,"Khagan,Birulia,Savar",Don't know ,Don't know,N/A,Don't know,6,1,700,58,Less than 1 year,Fair,No
Male,"Savar,khagan",Airtel ,Don't know,TP link,Don't know,5,1,500,10,Less than 1 year,Good,Yes
Male,"Shahid Syed Nazrul Islam Sarani ,Old-Paltan, Dhaka. ",Shebatel Network ltd.,Fiber Optic,TP-Link,Dual-band (2.4GHz and 5GHz),4,20,1000,5,3 to 4 years,Excellent,Yes
Male,Savar Dhaka,Asma broadband line,Fiber Optic,D-link,Dual-band (2.4GHz and 5GHz),9,50,500,5,1 to 2 years,Good,Yes
Male,"Savar,Dhaka",Wifi,Cat5e,Tp link,Single-band (2.4GHz),6,240,700,3,3 to 4 years,Excellent,No
Male,Savar Dhaka,Naim hossain,Cat6,Tenda,Single-band (2.4GHz),3,60,500,5,More than 5 years,Good,Yes
Male,"Khagan,Dhaka",Tofazzol,Don't know,TP Link,Don't know,7,30,630,2,1 to 2 years,Good,Yes
Female,Savar Imandipur,lsp,Don't know,Tp Link,Don't know,2,120,800,3,1 to 2 years,Good,Yes
Male,Mirpur,Inspire Broadband ,Fiber Optic,Deco ,Dual-band (2.4GHz and 5GHz),5,30,1100,40,1 to 2 years,Fair,Yes
Female,"Uttara, Dhaka",Dot internet ,Fiber Optic,TP Link,Dual-band (2.4GHz and 5GHz),4,20,1000,5,3 to 4 years,Excellent,Yes
Female,"Uttara, Dhaka",Friends Online ,Fiber Optic,N/A,Don't know,5,45,1200,5,2 to 3 years,Good,Yes
Male,Kuril chowrasta ,Dot net,Fiber Optic,TP Link,Dual-band (2.4GHz and 5GHz),6,60,1000,5,1 to 2 years,Good,Yes
Male,"Narsingdi, Dhaka",Radiant Communications Limited ,Fiber Optic,TP Link,Don't know,9,60,600,5,Less than 1 year,Fair,No
Male,Boshundhora,Hashtag,Fiber Optic,D Link,Dual-band (2.4GHz and 5GHz),5,0,1200,12,1 to 2 years,Poor,No
Male,"Zigatola, Dhaka",Apon IT,Fiber Optic,TP Link,Single-band (2.4GHz),8,0,1500,60,More than 5 years,Good,Yes
Male,"Khilkhet,Dhaka",Digi jadoo broadband,Fiber Optic,Tenda,Single-band (2.4GHz),6,0,800,12,Less than 1 year,Excellent,Yes
Female,"Saver, Dhaka ",Wifi,Don't know,Mitu,Single-band (2.4GHz),3,60,100,4,Less than 1 year,Excellent,No
Male,"Kuril,Dhaka",Don't Know,Fiber Optic, TP Link ,Single-band (2.4GHz),8,120,600,1,Less than 1 year,Poor,No
Male,"Dhaka North, Khilkhet",Pipex,Don't know,TP Link,Single-band (2.4GHz),6,80,1000,10,Less than 1 year,Good,No
Male,"Dhaka North, Khilkhet",Pipex,Don't know,TP Link,Single-band (2.4GHz),6,80,1000,10,Less than 1 year,Good,No
Female,"Kuril, Dhaka",Kuril Broadband Internet,Fiber Optic,TP Link,Don't know,10,120,800,5,Less than 1 year,Fair,No
Male,"Basundhara, Dhaka",Dot Internet ,Cat6,tp-link,Don't know,1,60,850,10,Less than 1 year,Good,Yes
Male,"Kuril,Dhaka",AmarNet System,Don't know,TP-Link,Don't know,6,60,500,5,1 to 2 years,Fair,No
Male,Dhaka,Intovision,Fiber Optic,TP-LINK,Don't know,5,60,500,10,2 to 3 years,Good,Yes
Male,"Uttara, Dhaka",vision blue communication,Cat5e,TP link,Dual-band (2.4GHz and 5GHz),More than 10 devices,15,700,3,1 to 2 years,Good,Yes
Female,Uttara,Arafat Siam ISP,Fiber Optic,TP-link,Single-band (2.4GHz),6,80,500,18,Less than 1 year,Poor,No
Male,"Khilkhet, Dhaka",Tuhin Enterprise,Fiber Optic,TP Link,Don't know,4,10,800,20,Less than 1 year,Good,Yes
Male,"Uttara, dhaka",Pipex ,Fiber Optic,Tp ink ,Dual-band (2.4GHz and 5GHz),8,60,1000,20,2 to 3 years,Good,Yes
Male,"Kuril, Dhaka",Sam Online,Fiber Optic,Tenda ,Dual-band (2.4GHz and 5GHz),4,60,1000,40,1 to 2 years,Poor,No
Female,Kuril,Internet @ Home Limited,Cat5e,TP Link,Dual-band (2.4GHz and 5GHz),5,300,500,5,1 to 2 years,Poor,No
Male,Khilkhet,Speedstar,Fiber Optic,Tenda,Single-band (2.4GHz),8,180,1000,10,Less than 1 year,Fair,No
Female,"Uttara, Dhaka.",Ks Network ,Fiber Optic,Tp Link ,Don't know,3,2,800,8,1 to 2 years,Fair,Yes
Male,Bashundhara,Next Online,Fiber Optic,TP Link,Dual-band (2.4GHz and 5GHz),5,0,1200,25,Less than 1 year,Excellent,Yes
Male,Raampura,Broadband internet ,Fiber Optic,TP link,Single-band (2.4GHz),5,120,500,5,2 to 3 years,Fair,No
Male,Mirpur,Dhaka Fiber Net,Fiber Optic,D-Link,Single-band (2.4GHz),7,0,800,20,1 to 2 years,Good,Yes
Male,"Betiapara, Rajshahi",Amber-IT Limited,Fiber Optic,TP Link archer c6 ,Dual-band (2.4GHz and 5GHz),4,30,1200,30,1 to 2 years,Good,Yes
Female,"Kuril,Dhaka",Don't know ,Don't know,N/A,Don't know,8,60,500,5,Less than 1 year,Fair,Yes
Male,Mohammadpur Dhaka,Mazeda Networks Ltd,Fiber Optic,TP Link,Dual-band (2.4GHz and 5GHz),5,15,735,5,More than 5 years,Excellent,Yes
Male,"Uttara,Dhaka",BTCL,Fiber Optic,ZTE,Dual-band (2.4GHz and 5GHz),6,20,800,10,1 to 2 years,Good,Yes
Male,Old Dhaka,Itech internet service,Fiber Optic,Tenda,Single-band (2.4GHz),4,60,600,5,Less than 1 year,Poor,No
Male,"Nikunja 2,Dhaka",Pipex,Don't know,Tp-link,Don't know,2,60,1000,20,Less than 1 year,Excellent,No
Male,Bashundhara r/a,Unknown ,Don't know,Tenda,Dual-band (2.4GHz and 5GHz),More than 10 devices,60,1000,8,Less than 1 year,Good,Yes
Male,"Mirpur, Dhaka. ",Fahim Rahman Talha ,Don't know,TP Link.,Dual-band (2.4GHz and 5GHz),More than 10 devices,180,1500,5,1 to 2 years,Fair,No
Male,"Bandar,Narayanganj ",iconnect,Cat5e,Totolink,Dual-band (2.4GHz and 5GHz),7,30,500,5,3 to 4 years,Good,Yes
Male,Mirpur ,ICC,Don't know,Tplink Archer C6,Dual-band (2.4GHz and 5GHz),6,0,500,10,More than 5 years,Excellent,Yes
Male,Gopibagh ,Tiger Net,Fiber Optic,TP Link,Single-band (2.4GHz),4,60,500,5,Less than 1 year,Fair,No
Male,Dhaka or Mirpur,T-link,Fiber Optic,TP-LINK,Don't know,3,60,500,10,3 to 4 years,Poor,No
Male,"Mirpur,Dhaka",Meta4,Fiber Optic,Tipi Link,Dual-band (2.4GHz and 5GHz),7,0,700,5,1 to 2 years,Fair,No
Male,"Uttara,Dhaka",Don't know,Don't know,TP link,Single-band (2.4GHz),More than 10 devices,40,800,5,2 to 3 years,Fair,Yes
Male,"sonargaon, Narayanganj ",wifi,Cat6,tp link,Single-band (2.4GHz),8,60,600,5,2 to 3 years,Poor,No
Male,Motijheel,Amber IT,Fiber Optic,Netis,Single-band (2.4GHz),7,30,3000,80,1 to 2 years,Excellent,Yes
Male,Baridhara,Super Home,Don't know,ASUS,Don't know,More than 10 devices,120,1000,5,Less than 1 year,Poor,No
Female,Dhaka rampura,Samir,Don't know,N/A,Don't know,4,60,1000,5,1 to 2 years,Very poor,No
Male,khilkhat ,Bot tola cyber net,Don't know,asus,Don't know,6,60,500,1,2 to 3 years,Fair,No
Female,"Dhaka Cantonment, Ecb Chattar",Regiment,Don't know,TP link,Single-band (2.4GHz),7,60,700,10,3 to 4 years,Good,No
Male,Bashundhara RA,dot net,Don't know,Tp linc,Dual-band (2.4GHz and 5GHz),7,90,1500,40,Less than 1 year,Good,Yes
Male,Bashundhora Area ,Dot internet,Fiber Optic,TP Link ,Single-band (2.4GHz),More than 10 devices,60,1000,10,Less than 1 year,Good,Yes
Male,Md. Muttakin ,Muttakin,Fiber Optic,Tp link,Don't know,More than 10 devices,240,500,5,1 to 2 years,Good,Yes
Male,"Kuratuli,Bishho road",Speedstar.net,Fiber Optic,Xiaomi 4C,Dual-band (2.4GHz and 5GHz),5,60,1000,13,Less than 1 year,Fair,No
Male,Badda,Triangle,Cat6,Asus,Single-band (2.4GHz),4,15,1499,15,1 to 2 years,Good,Yes
Male,"Dhanmondi,Dhaka",Sky net,Fiber Optic,TP Link,Dual-band (2.4GHz and 5GHz),4,10,500,6,1 to 2 years,Good,Yes
Male,"Mirpur,  Dhaka",Bus nate,Fiber Optic,D-link,Single-band (2.4GHz),4,70,800,10,2 to 3 years,Good,Yes
Male,"Mugda,Dhaka",evul,Fiber Optic,Zain,Don't know,5,60,1000,10,2 to 3 years,Good,Yes
Female,"Mohammadpur,Dhaka",DOT.NET,Fiber Optic,TPLINK,Dual-band (2.4GHz and 5GHz),10,0,900,5.5,1 to 2 years,Good,No
Female,"Joynal Market, Dakhshinkhan, Uttara.",Jadu Net.,Don't know,TP Link,Don't know,3,10,1000,8,Less than 1 year,Good,Yes
Male,"West Baxnagar, Sarulia, Demra, Dhaka",Digital think ,Fiber Optic,Netgear,Single-band (2.4GHz),6,10,500,16,2 to 3 years,Excellent,Yes
Male,"Vatara,Dhaka",Dot internet,Fiber Optic,Netis,Single-band (2.4GHz),4,0,850,20,Less than 1 year,Good,Yes
Male,Dhaka,KS NETWORK,Fiber Optic,Tenda,Single-band (2.4GHz),9,15,800,30,2 to 3 years,Fair,No
Male,"Savar, Dhaka ",ARZ Net,Fiber Optic,Tp link,Single-band (2.4GHz),4,180,500,10,Less than 1 year,Fair,No
Male,"Shazadpur, Badda",Airtel ,Don't know,Data connection ,Don't know,More than 10 devices,60,1000,5,3 to 4 years,Good,Yes
Male,"Mirpur-10,Dhaka",Amber IT,Fiber Optic,TP LINK,Dual-band (2.4GHz and 5GHz),4,120,1000,33,Less than 1 year,Excellent,Yes
Male,"Kaliganj,Gazipur",BBTSL,Fiber Optic,wavlink,Single-band (2.4GHz),3,120,1000,5,2 to 3 years,Poor,No
Male,"Chandgoan, Chattogram ",DDN,Don't know,Nokia,Don't know,8,40,1500,35,1 to 2 years,Fair,Yes
Male,"Nadda,Dhaka",amber it,Fiber Optic,tp link,Dual-band (2.4GHz and 5GHz),5,10,1200,30,Less than 1 year,Good,Yes
Male,bashundhara,AmberIT,Don't know,TP Link,Single-band (2.4GHz),5,600,1200,50,Less than 1 year,Good,Yes
Male,"Dhaka ,Mirpur",polok,Fiber Optic,TP Link,Dual-band (2.4GHz and 5GHz),7,45,640,5,Less than 1 year,Very poor,Yes
Male,"Basundhara, dhaka",Don't know,Don't know,Link 3,Dual-band (2.4GHz and 5GHz),10,60,1000,10,Less than 1 year,Poor,No
Male,Kuril,Speedstar,Cat5e,Tenda,Single-band (2.4GHz),6,60,500,5,Less than 1 year,Good,Yes
Female,Uttara ,Dot Internet,Fiber Optic,TP Link,Dual-band (2.4GHz and 5GHz),7,5,1000,40,4 to 5 years,Excellent,Yes
Male,"Kuratoli, khilkhet.",Triangle ,Cat6,D Link ,Dual-band (2.4GHz and 5GHz),4,60,1500,25,1 to 2 years,Good,Yes
Male,"Mirpur - 11.5, Dhaka ","Optima internet service provider, MNET",Don't know,TP Link,Don't know,5,720,600,5,2 to 3 years,Excellent,Yes
Male,Mirpur 11.5,Link3,Fiber Optic,TP link,Single-band (2.4GHz),5,10,1000,30,1 to 2 years,Good,Yes
Male,"Bashundhara, dhaka",Carnival,Don't know,Tenda,Dual-band (2.4GHz and 5GHz),More than 10 devices,30,1600,30,Less than 1 year,Fair,No
Male,Bashundhara R/A,Carnival,Fiber Optic,Tenda ,Dual-band (2.4GHz and 5GHz),More than 10 devices,24,1600,30,Less than 1 year,Poor,No
Male,"Mirerbazar,Gazipur",Radiant Communications Limited,Fiber Optic,tp link,Single-band (2.4GHz),5,60,1000,5,2 to 3 years,Very poor,No
Female,"Bashabo, Dhaka",Evolution ,Fiber Optic,T link,Single-band (2.4GHz),4,60,500,5,More than 5 years,Fair,No
Female,Kuril,Mobile data or wifi,Don't know,Tp link,Don't know,More than 10 devices,50,400,5,Less than 1 year,Good,Yes
Female,Dhaka,Jashim,Don't know,TP-LINK,Dual-band (2.4GHz and 5GHz),4,60,500,3,2 to 3 years,Fair,Yes
Female,Dhaka ,Simantoo,Don't know,TP Link ,Don't know,2,60,800,5,2 to 3 years,Good,Yes
Male,Kuratoli,.net,Fiber Optic,Tp link,Dual-band (2.4GHz and 5GHz),More than 10 devices,60,1000,20,Less than 1 year,Good,Yes
Female,"Uttara, Dhaka ",Broad bank bd,Fiber Optic,Tp link,Dual-band (2.4GHz and 5GHz),10,60,1000,5,Less than 1 year,Fair,Yes
Male,"Dhanmondi, Dhaka",Mazeda Networks ,Cat6,TP Link,Single-band (2.4GHz),5,30,750,10,3 to 4 years,Excellent,Yes
Male,"KURATOLI,KURIL,DHAKA",Speed Star.Net,Fiber Optic,TP_Link Archer C6 AC1200,Dual-band (2.4GHz and 5GHz),7,0,1200,30,Less than 1 year,Good,Yes
Male,"Kuril  Bissoroad ,Dhaka",Speed Star.Net,Fiber Optic,TP-Link Archer C6 AC1200,Dual-band (2.4GHz and 5GHz),7,30,1200,30,Less than 1 year,Good,Yes
Male,Bashundhara R/A,Link3,Fiber Optic,TP Link,Dual-band (2.4GHz and 5GHz),More than 10 devices,120,840,11,Less than 1 year,Poor,No
Male,"UTTARA,DHAKA",DOT NET,Don't know,TP link,Dual-band (2.4GHz and 5GHz),5,30,1000,10,2 to 3 years,Fair,No
Male,"Kuril,Dhaka",SpeedStar,Fiber Optic,TP Link,Dual-band (2.4GHz and 5GHz),8,60,800,20,1 to 2 years,Fair,Yes
Male,"Tanty Bazar, Dhaka",Radiant,Fiber Optic,Tp-link,Single-band (2.4GHz),5,0,500,5,3 to 4 years,Good,Yes
Male,Dhaka,Getco,Fiber Optic,Netgear,Don't know,7,0,3000,20,More than 5 years,Excellent,Yes
Prefer not to say,mohammadpur,unit net,Fiber Optic,N/A,Single-band (2.4GHz),5,60,1000,6,More than 5 years,Good,Yes
Male,"Uttara, Dhaka",Uttara online ,Fiber Optic,Tp Link,Don't know,4,90,500,5,1 to 2 years,Fair,No
Male,Kuratoli,Triangle,Cat6,D-Link,Dual-band (2.4GHz and 5GHz),5,60,1500,25,Less than 1 year,Good,Yes
Male,Nikunja,Amber it,Cat6,TP Link,Dual-band (2.4GHz and 5GHz),7,1,1200,25,Less than 1 year,Poor,Yes
Male,Bashundhora ,LINK 3,Don't know,Tp link,Dual-band (2.4GHz and 5GHz),More than 10 devices,0,2400,50,Less than 1 year,Good,Yes
Male,"Uttara, Dhaka",Link3,Fiber Optic,Tp link,Single-band (2.4GHz),8,0,500,20,1 to 2 years,Excellent,Yes
Male,"Aftab Nagar, Dhaka",Carnival,Fiber Optic,TP Link,Dual-band (2.4GHz and 5GHz),5,20,700,10,1 to 2 years,Good,No
Male,"Kadamtala Purbo Bashabo, Dhaka",Harun Cable Network,Cat5e,TP Link,Dual-band (2.4GHz and 5GHz),3,120,500,5,3 to 4 years,Good,Yes
Female,"Bashundhara R/A, Dhaka",Dot Internet ,Fiber Optic,N/A,Don't know,3,60,1000,5,Less than 1 year,Good,Yes
Male,"Badda,Dhaka",CCN Network,Cat5e,TP Link,Single-band (2.4GHz),6,60,800,3,Less than 1 year,Good,No
Male,"Jagannathpur, Vatara, Dhaka",Songjognin BD,Fiber Optic,Cudy wr1300,Dual-band (2.4GHz and 5GHz),3,60,800,15,Less than 1 year,Poor,No
Male,Nodda,Exord internet,Fiber Optic,D-Link,Single-band (2.4GHz),6,0,1050,40,Less than 1 year,Good,Yes
Male,Nikunja 2 ,Exord Internet ,Fiber Optic,TP Link Archer C6 V3 ,Dual-band (2.4GHz and 5GHz),More than 10 devices,0,1050,40,Less than 1 year,Good,Yes
Male,"Motijheel,dhaka",Triangle internet,Fiber Optic,Tp link ac1200,Dual-band (2.4GHz and 5GHz),5,60,4000,40,Less than 1 year,Good,Yes
Male,"Kuril,Dhaka",Speed Star.Net,Fiber Optic,Tplink,Single-band (2.4GHz),8,4,800,20,Less than 1 year,Fair,No
Male,"Luxmi bazar, Dhaka",voglu,Fiber Optic,tenda,Single-band (2.4GHz),5,0,1000,10,1 to 2 years,Good,Yes
Male,"Basundhara R/A, Dhaka",DOT Internet,Don't know,TP Link,Dual-band (2.4GHz and 5GHz),More than 10 devices,60,2000,80,Less than 1 year,Poor,No
Male,"begumgonj, Noakhali",green net city,Fiber Optic,Tenda,Single-band (2.4GHz),4,60,500,2,3 to 4 years,Excellent,Yes
Male,"Gazipur,Dhaka",Triangle Services Ltd.,Fiber Optic,Tp Link C6,Dual-band (2.4GHz and 5GHz),5,0,1300,25,1 to 2 years,Good,Yes
Male,Middle Badda,Dot internet,Fiber Optic,TP Link,Dual-band (2.4GHz and 5GHz),5,0,1000,40,Less than 1 year,Excellent,Yes
Male,"Moghbazar,Dhaka",Net View,Fiber Optic,Netgear,Single-band (2.4GHz),5,30,500,10,1 to 2 years,Fair,Yes
Male,"Khilkhet, dhaka",Exord,Fiber Optic,Tp link,Dual-band (2.4GHz and 5GHz),8,0,1050,40,Less than 1 year,Good,Yes
Male,"Kuratoli, Khilkhet, Dhaka",Internet Home Limited,Don't know,TP Link,Don't know,3,30,500,5,Less than 1 year,Fair,Yes
Male,"Mirpur, Dhaka ",HR Net,Fiber Optic,TP Link,Single-band (2.4GHz),5,1,500,7,1 to 2 years,Fair,Yes
Male,"Kuratoli,Dhaka",Carnival,Cat5e,Tenda,Dual-band (2.4GHz and 5GHz),More than 10 devices,10,1600,30,Less than 1 year,Good,No
Male,"Bashundhara,Dhaka",Dot net,Fiber Optic,Tenda,Single-band (2.4GHz),8,45,1000,10,Less than 1 year,Fair,No
Male,"Badda, Dhaka",Pandora network,Fiber Optic,TP Link,Dual-band (2.4GHz and 5GHz),5,120,2000,20,Less than 1 year,Good,Yes
Male,"Tejgaon, Dhaka.",Speed Net Communication.,Fiber Optic,Netgear.,Dual-band (2.4GHz and 5GHz),7,0,1200,20,Less than 1 year,Excellent,Yes
Male,"Rangpur City , Rangpur Division",Link3,Fiber Optic,TP Link Archer C6,Dual-band (2.4GHz and 5GHz),4,5,924,12,Less than 1 year,Good,Yes
Male,"Matbirbari,Kuratoli bazar ",Speed net,Fiber Optic,Merqusys,Single-band (2.4GHz),5,60,800,8,Less than 1 year,Fair,No
Male,"Badda,Dhaka",Link3,Fiber Optic,TP Link,Single-band (2.4GHz),10,180,1280,22,Less than 1 year,Good,No
Male,Kafrul ,Board band,Don't know,Tp link,Dual-band (2.4GHz and 5GHz),4,60,5005,5,3 to 4 years,Good,Yes
Male,"Nikunjo 2,Dhaka",Amber IT,Fiber Optic,TP Link,Single-band (2.4GHz),8,60,800,15,Less than 1 year,Good,Yes
Male,"Dhanmondi,Dhaka",Dot Internet,Fiber Optic,Tenda f3,Single-band (2.4GHz),6,0,850,20,2 to 3 years,Excellent,Yes
Male,"Vimbazar, Gazipur ",Earth Telecommunication,Fiber Optic,TP Link,Single-band (2.4GHz),5,30,600,2,2 to 3 years,Fair,No
Male,"Bashundhara RA, Dhaka ",Hashtag ,Don't know,TP Link,Don't know,8,120,1000,5,Less than 1 year,Poor,No
Male,"Jashore Sadar, Khulna",Amber it,Fiber Optic,Tanda F6,Single-band (2.4GHz),8,5,1200,35,2 to 3 years,Fair,Yes
Male,Uttara ,4gnetworkbd,Cat6,TP link ,Dual-band (2.4GHz and 5GHz),5,240,500,5,1 to 2 years,Fair,Yes
Male,uttara,dotnet.,Don't know,tenda,Dual-band (2.4GHz and 5GHz),4,300,500,7,Less than 1 year,Fair,Yes
Male,"Badda, Dhaka",Link3,Fiber Optic,TP link,Dual-band (2.4GHz and 5GHz),6,50,1000,10,Less than 1 year,Good,No
Male,"MIRPUR, DHAKA-1216",WEB SOLUTION ,Fiber Optic,D-LINK,Dual-band (2.4GHz and 5GHz),4,2,500,5,2 to 3 years,Good,Yes
Female,"Tejgaon, Dhaka",U-Turn.net,Cat5e,Tenda,Dual-band (2.4GHz and 5GHz),7,60,500,5,1 to 2 years,Good,Yes
Female,"Dhaka Cantonment, Dhaka",Trust Innovation limited (resnet),Fiber Optic,TP Link,Single-band (2.4GHz),4,10,1000,15,Less than 1 year,Fair,No
Male,"Dhaka,Kuril",Speed Star.net,Fiber Optic,Tenda,Single-band (2.4GHz),5,30,1500,15,Less than 1 year,Good,Yes
Male,"Mohammadpur, Dhaka",Dot Internet,Fiber Optic,Tenda,Dual-band (2.4GHz and 5GHz),9,0,1200,50,Less than 1 year,Good,Yes
Male,Aftabnagor ,Perfect Network solutions ,Cat6,Xiaomi 4A,Dual-band (2.4GHz and 5GHz),6,0,1000,10,1 to 2 years,Good,No
Male,"Mirpur, Dhaka",Bas Net,Fiber Optic,tp-link,Dual-band (2.4GHz and 5GHz),6,10,1200,40,Less than 1 year,Good,Yes
Male,Uttara.Dhaka,MegaSpeed Net,Fiber Optic,NetGear,Single-band (2.4GHz),4,60,500,10,3 to 4 years,Good,No
Male,Kuril,Pandora Internet(Local),Fiber Optic,Obelink,Single-band (2.4GHz),5,240,1200,40,Less than 1 year,Poor,No
Male,Bashudhara,amber IT,Fiber Optic,KASDA,Single-band (2.4GHz),3,8,1000,20,Less than 1 year,Fair,Yes
Male,"Sher-E Bangla Nagar, Dhaka.",Speed Tech Online,Fiber Optic,TP link,Single-band (2.4GHz),5,30,500,5,1 to 2 years,Very poor,No
Male,"Savar, Dhaka",Crazynet,Fiber Optic,Tp link,Dual-band (2.4GHz and 5GHz),3,40,800,4,2 to 3 years,Excellent,Yes
Male,"Gazipur,Dhaka",Don't know,Don't know,Tenda,Don't know,3,120,500,1,1 to 2 years,Fair,No
Male,Mirpur-2,BAS net,Fiber Optic,TP link,Single-band (2.4GHz),5,20,800,30,Less than 1 year,Good,Yes
Male,"Savar, Dhaka",MD. Nayeem Resbe,Don't know,Tp link,Dual-band (2.4GHz and 5GHz),More than 10 devices,60,1000,5,1 to 2 years,Good,Yes
Male,North Badda ,Bus Net ,Fiber Optic,Asus ,Dual-band (2.4GHz and 5GHz),6,0,1200,50,1 to 2 years,Excellent,Yes
Female,Motijheel ,Dream network,Don't know,Tp Link,Single-band (2.4GHz),5,50,500,6,Less than 1 year,Good,Yes
Male,"Kuratoli,Dhaka",SpeedStar.net,Fiber Optic,Tenda,Dual-band (2.4GHz and 5GHz),8,0,1500,50,Less than 1 year,Poor,No
Male,"Kuril, Dhaka ",Exord Online ,Fiber Optic,Tenda,Single-band (2.4GHz),6,60,800,20,Less than 1 year,Good,Yes
Male,Mirpur ,Plug in internet ,Don't know,D- link,Single-band (2.4GHz),3,120,500,2.4,Less than 1 year,Fair,No
Male,"Badda, Dhaka",Rainbow ,Cat6,Mi,Dual-band (2.4GHz and 5GHz),9,10,1000,10,Less than 1 year,Very poor,No
Male,"Bashundhara,Dhaka",Sam Online,Fiber Optic,TP Link,Single-band (2.4GHz),More than 10 devices,60,1200,30,Less than 1 year,Poor,No
Female,"Kuril , kuratoli",Speed star,Cat5e,Tp link,Single-band (2.4GHz),8,30,800,10,Less than 1 year,Good,No
Male,"Bashundhara,Dhaka",Dot net,Fiber Optic,TP Link,Single-band (2.4GHz),6,60,1200,10,Less than 1 year,Poor,Yes
Male,"Khilgaon,Dhaka",RL Cafe Net,Don't know,Tenda,Single-band (2.4GHz),5,60,500,5,1 to 2 years,Fair,No
Male,"NIKUNJA-2 , DHAKA",PIPEX (LOCAL FROM NIKUNJA),Fiber Optic,TP-LINK,Single-band (2.4GHz),8,0,1000,30,Less than 1 year,Good,Yes
Male,Baily Road,FasttrackBD.net,Fiber Optic,TP Link,Dual-band (2.4GHz and 5GHz),8,30,500,2,3 to 4 years,Poor,No
Male,Dhaka or Motijheel ,Fast Communication,Fiber Optic,Tenda,Single-band (2.4GHz),5,60,1000,10,2 to 3 years,Fair,No
Male,"Siddirgonj,Narayanganj ",Starline ,Don't know,TP link,Don't know,6,120,500,5,3 to 4 years,Fair,No
Male,"Uttara,Dhaka",TH internet Service,Don't know,Tp.link,Dual-band (2.4GHz and 5GHz),5,60,500,5,3 to 4 years,Fair,No
Male,"Kuratoli,Kuril",Speed Star,Fiber Optic,Tp link ,Dual-band (2.4GHz and 5GHz),8,120,800,20,Less than 1 year,Good,Yes
Female,Dhaka,Don't know ,Cat5e,N/A,Dual-band (2.4GHz and 5GHz),3,60,1000,5,1 to 2 years,Fair,No
Male,"Kuratoli ,Dhaka",Speed start.net,Fiber Optic,TP link archer,Single-band (2.4GHz),7,90,1200,30,Less than 1 year,Fair,No
Female,"Bashaboo, Dhaka",Rahmat,Fiber Optic,TP Link,Dual-band (2.4GHz and 5GHz),5,0,500,10,1 to 2 years,Excellent,Yes
Male,Khilkhet,Speedstar,Don't know,Mi,Don't know,4,40,500,10,1 to 2 years,Fair,Yes
Male,Dhaka Khilgaon,Netezen,Fiber Optic,TP-LINK,Single-band (2.4GHz),6,0,800,10,1 to 2 years,Good,Yes
Male,Up:Manirampur Dis:Jashore Division:Khulna ,Orbit.net,Fiber Optic,Xiaomi 4c,Single-band (2.4GHz),4,30,500,5,1 to 2 years,Good,Yes
Male,"Joar shahara,Dhaka",Sam online ,Cat6,Tp Link ,Single-band (2.4GHz),5,60,500,5,Less than 1 year,Good,Yes
Male,Nikonjo2,Shakib hasan,Don't know,Tp Link,Dual-band (2.4GHz and 5GHz),More than 10 devices,20,1050,40,Less than 1 year,Excellent,Yes
Male,"Nikunja-2,Dhaka",AmberIT,Fiber Optic,Tp-link,Dual-band (2.4GHz and 5GHz),7,60,1500,45,Less than 1 year,Poor,No
Male,"Kuratoli bazer, DHAKA 1229",Speed star.net,Don't know,Mi router,Dual-band (2.4GHz and 5GHz),4,45,600,5,1 to 2 years,Fair,Yes
Male,"Uttara,Dhaka",Dot Net,Fiber Optic,TP Link ,Dual-band (2.4GHz and 5GHz),More than 10 devices,0,1000,40,2 to 3 years,Fair,Yes
Male,"Jalkuri, Narayanganj ",Hasan.net,Cat5e,Mi,Dual-band (2.4GHz and 5GHz),7,10,500,2,3 to 4 years,Good,No
Male,"Khilkhet, Dhaka",Tuhin,Fiber Optic,Mi 4c 5G,Single-band (2.4GHz),5,30,1000,20,1 to 2 years,Excellent,Yes
Male,"Nirjhor,Dhaka cantonment","Don,t know",Fiber Optic,Tp Link,Single-band (2.4GHz),6,30,600,5,1 to 2 years,Fair,No
Male,kawser,jongker it,Fiber Optic,archer,Dual-band (2.4GHz and 5GHz),More than 10 devices,0,1700,10,Less than 1 year,Fair,Yes
Male,Narayanganj ,Sajid,Fiber Optic,Tenda,Single-band (2.4GHz),1,60,800,8,Less than 1 year,Fair,Yes
Male,"Kuril,Dhaka",Internet @Home limited,Fiber Optic,TP-Link,Dual-band (2.4GHz and 5GHz),6,0,1200,15,Less than 1 year,Good,Yes
Male,"Mohammadpur,Dhaka",Dolly it corner,Fiber Optic,TP Link,Single-band (2.4GHz),5,60,800,8,1 to 2 years,Poor,No
Male,Uttara,We internet,Fiber Optic,Deco,Don't know,2,1,1000,7,1 to 2 years,Fair,No
Male,"Mirpur,Dhaka",F4 Internet Solutions,Don't know,Netgear,Single-band (2.4GHz),4,1,500,5,2 to 3 years,Fair,No
Male,"Bashundara D block,Dhaka",SamOnline,Fiber Optic,netis,Don't know,6,60,1200,30,Less than 1 year,Poor,No
Male,Kuratoli,speed star.net,Fiber Optic,Tenda,Dual-band (2.4GHz and 5GHz),7,480,1500,50,Less than 1 year,Poor,No
Male,Kuratoli,Don't know ,Don't know,Don't know ,Don't know,More than 10 devices,120,2000,20,Less than 1 year,Fair,No
Male,"Mirpur 1,Dhaka.",BAS Network,Fiber Optic,TP Link,Dual-band (2.4GHz and 5GHz),4,10,800,20,3 to 4 years,Good,Yes
Male,"Bashundhara, Dhaka",Sam online ,Fiber Optic,Netis,Single-band (2.4GHz),More than 10 devices,60,1200,30,Less than 1 year,Poor,No
Male,Basundhara R/A,DOT,Fiber Optic,D-Link,Single-band (2.4GHz),8,30,1000,15,Less than 1 year,Good,Yes
Female,Dhanmondi ,Majeda,Fiber Optic,MI ,Don't know,7,60,700,13,2 to 3 years,Poor,No
Male,Badda,D link,Cat5e,Netis,Single-band (2.4GHz),10,60,500,5,Less than 1 year,Good,Yes
Female,Uttora,Monira,Fiber Optic,Tp,Dual-band (2.4GHz and 5GHz),More than 10 devices,0,1000,5,2 to 3 years,Excellent,Yes
Male,"Dhaka, shahbag",Dot net,Fiber Optic,Netgear,Single-band (2.4GHz),3,60,800,10,3 to 4 years,Fair,Yes
Male,"Kuril,Dhaka",Smile Broadband,Fiber Optic,TP Link,Dual-band (2.4GHz and 5GHz),6,0,1260,20,Less than 1 year,Good,Yes
Male,"Bashundhara ,Dhaka",SAM ONLINE,Don't know,TP Link,Dual-band (2.4GHz and 5GHz),More than 10 devices,0,1200,60,Less than 1 year,Good,Yes
Male,"Kuratoli,Bashundhara",Exord,Don't know,Tp link,Dual-band (2.4GHz and 5GHz),10,0,1100,20,Less than 1 year,Excellent,Yes
Male,"Basundhara R/A, Dhaka",KS Network Ltd,Fiber Optic,TP Link,Dual-band (2.4GHz and 5GHz),8,10,800,25,4 to 5 years,Good,Yes
Male,"Kuril, Dhaka",Speed Star,Fiber Optic,Tenda,Dual-band (2.4GHz and 5GHz),7,120,800,20,Less than 1 year,Good,Yes
Female,Dhaka ,Don't know how funny ,Don't know,Tp link,Don't know,More than 10 devices,60,700,57,Less than 1 year,Poor,No
Male,"Bashundhara,Dhaka",Link3,Fiber Optic,TP-Link Archer A6,Single-band (2.4GHz),6,20,1280,22,1 to 2 years,Fair,No
Male,"Mirpur-14, Dhaka",F4ISP,Don't know,TP Link,Single-band (2.4GHz),4,15,500,6,Less than 1 year,Fair,Yes
Male,Mirpur ,Inspire broadband ,Fiber Optic,TP-Link ,Dual-band (2.4GHz and 5GHz),7,10,1200,40,1 to 2 years,Excellent,Yes
Male,"Tongi,Gazipur ",City online ,Fiber Optic,TP link,Single-band (2.4GHz),4,300,600,7,Less than 1 year,Fair,Yes
Male,Dhaka,Tahsin,Cat5e,netrix ,Dual-band (2.4GHz and 5GHz),2,60,1000,5,Less than 1 year,Excellent,Yes
Male,Uttara dhaka,..,Fiber Optic,To link,Dual-band (2.4GHz and 5GHz),4,60,1000,5,Less than 1 year,Good,Yes
Male,kuril dhaka ,exord,Cat6,tp link,Dual-band (2.4GHz and 5GHz),9,50,1600,15,Less than 1 year,Fair,Yes
Male,"Kuril, Dhaka",Apple communication ,Cat5e,Tp link,Single-band (2.4GHz),5,40,500,5,Less than 1 year,Fair,No
Male,"Mirpur, Dhaka",Nurjahan Communication,Cat6,TP Link,Don't know,6,60,500,5,1 to 2 years,Good,Yes
Male,"Nikunja-2 , Dhaka",Triangle ,Cat6,TP Link,Dual-band (2.4GHz and 5GHz),6,30,1000,10,More than 5 years,Excellent,Yes
Male,Shere Bangla Nogor,Speed Internet ,Fiber Optic,Tp Link,Dual-band (2.4GHz and 5GHz),4,30,500,5,2 to 3 years,Fair,No
Male,Gandaria,Bondhon communication,Fiber Optic,Tenda,Dual-band (2.4GHz and 5GHz),8,120,1000,50,2 to 3 years,Fair,Yes
Male,Bashundhara ,Dot ,Fiber Optic,Mi,Dual-band (2.4GHz and 5GHz),8,60,1,6,Less than 1 year,Good,Yes
Male,Uttara,Uttara net,Fiber Optic,Netis,Don't know,6,50,600,10,4 to 5 years,Excellent,Yes
Male,"Kuratoli, Kuril ",Speed.Net ,Fiber Optic,Xioami 4C,Single-band (2.4GHz),5,60,1000,10,Less than 1 year,Fair,No
Female,"Bashabo, Dhaka 1214",Social Network,Fiber Optic,D-Link,Don't know,4,30,500,8.6,Less than 1 year,Good,Yes
Male,"Mirpur,Dhaka",Skynet,Cat5e,tp-Link,Single-band (2.4GHz),10,240,600,10,4 to 5 years,Excellent,Yes
Male,"khilkhet,DHAKA",AMARNET SYSTEM,Cat6,TP Link,Single-band (2.4GHz),3,1,500,5,1 to 2 years,Good,No
Female,Dhaka ,Meder net,Don't know,TP link,Don't know,4,60,700,2,3 to 4 years,Poor,No
Female,"Khilkhet,Dhaka",Tuhin enterprise ,Don't know,TP Link,Dual-band (2.4GHz and 5GHz),4,10,1000,5,1 to 2 years,Good,Yes
Male,Bashundhara C Block,Dot Internet,Fiber Optic,TP Link,Dual-band (2.4GHz and 5GHz),8,240,1500,30,Less than 1 year,Fair,Yes
Male,ECB Chattor ,Local,Don't know,TP link,Don't know,4,60,500,5,Less than 1 year,Very poor,No
Male,Bashundhara,Amber IT,Fiber Optic,TP Link ,Dual-band (2.4GHz and 5GHz),7,60,1000,20,1 to 2 years,Good,Yes
Male,Mirpur ,Samim Hassan ,Fiber Optic,Tenda,Dual-band (2.4GHz and 5GHz),3,60,1000,5,Less than 1 year,Good,Yes
Male,"Narayanganj, kodomtoli ",Roni Enterprise  maybe,Fiber Optic,D link,Dual-band (2.4GHz and 5GHz),5,60,1000,7,2 to 3 years,Good,Yes
Male,"Khilkhet, dhaka",Sayem,Don't know,Tp link,Don't know,5,5,500,5,Less than 1 year,Good,Yes
Male,Gazipur ,HASHTAG BROADBAND ,Fiber Optic,DECOM4,Dual-band (2.4GHz and 5GHz),More than 10 devices,60,1000,20,4 to 5 years,Excellent,Yes
Female,Kuril,Janat,Don't know,Tenda,Dual-band (2.4GHz and 5GHz),1,60,1000,5,1 to 2 years,Good,Yes
Male,"Dhanmondi, Dhaka",Renesa Online,Fiber Optic,TP link,Dual-band (2.4GHz and 5GHz),More than 10 devices,0,1200,40,Less than 1 year,Excellent,Yes
Male,"Khilkhet, Dhaka",Brothers Net,Fiber Optic,DLink 625,Single-band (2.4GHz),6,1,1000,2,Less than 1 year,Poor,No
Male,Bashundhara R/A,Triangle    ,Fiber Optic,Tp-Link Archer C6,Dual-band (2.4GHz and 5GHz),8,0,1500,25,1 to 2 years,Good,No
Male,"Basundhara Residential Area, Dhaka",Sam online ,Cat6,Tp link,Dual-band (2.4GHz and 5GHz),5,20,1350,40,3 to 4 years,Good,Yes
Male,"Banasree, Dhaka",B-net,Cat5e,tp-link,Single-band (2.4GHz),5,5,600,15,1 to 2 years,Good,No
Male,"Boshundara,Dhaka",Link-3,Don't know,TP-Link,Dual-band (2.4GHz and 5GHz),8,60,1260,15,Less than 1 year,Fair,No
Male,"Khilkhet,Dhaka",King Online Service ,Fiber Optic,Tenda,Dual-band (2.4GHz and 5GHz),More than 10 devices,60,1000,10,Less than 1 year,Good,Yes
Male,"NIKUNJA 2, DHAKA",Pipex,Fiber Optic,Netis,Dual-band (2.4GHz and 5GHz),7,40,1000,30,1 to 2 years,Good,Yes
Male,"Bashundhara R/A, Dhaka",Sam Online,Cat6,Tp Link,Dual-band (2.4GHz and 5GHz),8,0,1200,30,Less than 1 year,Good,Yes
Female,Bashundhara ,Mazeda network ,Fiber Optic,Tenda,Don't know,6,60,700,2,2 to 3 years,Good,Yes
Male,Kuril,Amar Net System ,Fiber Optic,TP Link,Don't know,4,20,1000,20,3 to 4 years,Fair,Yes
Male,"Badda,Dhaka",Amar Net,Fiber Optic,Tenda,Don't know,10,60,1000,15,1 to 2 years,Good,Yes
Male,"Kuratoli,Dhaka",Internet @ Home Limited,Cat5e,Acher C24,Dual-band (2.4GHz and 5GHz),4,300,1000,20,1 to 2 years,Poor,No
Male,"Bashundhara Residential Area, Rangpur  ",Dot net,Fiber Optic,TP link,Dual-band (2.4GHz and 5GHz),6,25,1200,60,Less than 1 year,Good,Yes
Male,"Kuril,Dhaka",7t1,Fiber Optic,TP link,Single-band (2.4GHz),6,90,800,15,1 to 2 years,Fair,Yes
Female,Uttara ,Skynet,Fiber Optic,TP link,Don't know,4,120,800,72,2 to 3 years,Fair,No
Male,"Bashundhara R/A, Dhaka",Dot Internet ,Fiber Optic,TP Link,Dual-band (2.4GHz and 5GHz),8,30,1500,60,1 to 2 years,Fair,Yes
Male,Mirpur DOHS,Intrepid International,Cat6,TP link,Dual-band (2.4GHz and 5GHz),5,0,1000,6,1 to 2 years,Good,Yes
Male,Kuril,Digital Cyber Network ,Fiber Optic,TP-Link,Single-band (2.4GHz),6,3,800,8,1 to 2 years,Poor,No
Male,Mirpur Dhaka,Combined Soft,Don't know,TP Link,Dual-band (2.4GHz and 5GHz),6,0,500,5,4 to 5 years,Good,Yes
Male,Md. Abrar Fiaz,Mazeda Net,Fiber Optic,Tp-Link,Dual-band (2.4GHz and 5GHz),More than 10 devices,10,1500,25,1 to 2 years,Fair,Yes
Female,"Bashundhara, Dhaka",Don't know,Don't know,N/A,Don't know,4,120,1500,41,1 to 2 years,Very poor,No
Male,"Mirpur,Dhaka",Combined soft,Cat6,TP Link,Single-band (2.4GHz),3,1,800,12,1 to 2 years,Good,Yes
Female,"Kuratoli,Dhaka",King Online Service ,Don't know,TP LINK,Single-band (2.4GHz),3,60,500,4.5,1 to 2 years,Fair,No
Female,"Bashundhora R/A, Dhaka",KS Internet ,Don't know,D-Link,Don't know,More than 10 devices,420,1000,40,Less than 1 year,Poor,No
Male,Agargaon ,Speed tech online ,Fiber Optic,Tenda,Dual-band (2.4GHz and 5GHz),10,20,500,10,3 to 4 years,Fair,Yes
Male,Adabor,Dot Internet,Fiber Optic,Tenda,Dual-band (2.4GHz and 5GHz),7,10,1000,40,3 to 4 years,Excellent,Yes
Male,"Kuril,Dhaka",Carnival ,Fiber Optic,TP-Link,Dual-band (2.4GHz and 5GHz),5,300,1600,25,1 to 2 years,Excellent,Yes
Male,"Nikunja 2, Khilkhet, Dhaka",Circle Network,Fiber Optic,TP Link,Dual-band (2.4GHz and 5GHz),More than 10 devices,0,800,10,Less than 1 year,Excellent,Yes
Male,"Dhaka Cantonment, Dhaka ",Becon internet ,Fiber Optic,D Link,Single-band (2.4GHz),5,180,500,5,1 to 2 years,Fair,Yes
Male,Kushtia ,KC TV,Fiber Optic,Tenda,Dual-band (2.4GHz and 5GHz),5,60,1000,5,1 to 2 years,Fair,Yes
Male,"Badda, Dhaka",Sam Online,Fiber Optic,Netgear ,Dual-band (2.4GHz and 5GHz),5,0,800,40,4 to 5 years,Good,Yes
Male,Badda,Exord Online,Fiber Optic,Dlink,Dual-band (2.4GHz and 5GHz),4,40,1260,15,More than 5 years,Excellent,Yes
Male,Mohakhali,AmberIT,Fiber Optic,TP Link,Don't know,4,30,1000,5,1 to 2 years,Good,Yes
Male,Uttara,Carnival Internet,Fiber Optic,ASUS_A0,Dual-band (2.4GHz and 5GHz),6,0,1889,100,1 to 2 years,Excellent,Yes
Female,"Bashundhara, Dhaka ",Dot internet,Fiber Optic,TP Link,Dual-band (2.4GHz and 5GHz),More than 10 devices,60,1500,10,Less than 1 year,Fair,Yes
Male,Narayangonj ,Evergreen technologies ,Fiber Optic,TP link,Dual-band (2.4GHz and 5GHz),1,30,800,10,3 to 4 years,Good,Yes
Male,"Moghbazar, Dhaka",Exord Online,Fiber Optic,TP Link,Dual-band (2.4GHz and 5GHz),5,0,1050,40,Less than 1 year,Good,Yes
Male,"Rampura, Dhaka",Triangle Service Limited,Fiber Optic,Asus,Dual-band (2.4GHz and 5GHz),5,10,1200,10,1 to 2 years,Fair,Yes
Female,"Uttara, Dhaka",dhaka Online,Don't know,Link3,Dual-band (2.4GHz and 5GHz),5,60,900,700,More than 5 years,Good,No
Female,"Shantinagar , Dhaka",Antaranga Networks,Fiber Optic,TP Link,Dual-band (2.4GHz and 5GHz),6,60,1500,30,4 to 5 years,Good,Yes
Male,Khilgaon Dhala,Business Network ,Fiber Optic,D link,Dual-band (2.4GHz and 5GHz),More than 10 devices,10,600,7,1 to 2 years,Good,Yes
Female,Dhaka or kuratali ,Internet @ home limited ,Fiber Optic,Tenda,Don't know,7,2,500,5,Less than 1 year,Poor,No
Male,jartabari,jupiter ,Fiber Optic,tplink,Dual-band (2.4GHz and 5GHz),4,40,700,30,1 to 2 years,Good,No
Male,"Basundhara,Dhaka",Dot internet,Fiber Optic,Tp Link ,Dual-band (2.4GHz and 5GHz),More than 10 devices,10,1700,25,Less than 1 year,Good,Yes
Male,"Basundhara, Dhaka",Carnival,Cat6,Tipilink,Dual-band (2.4GHz and 5GHz),More than 10 devices,3,1700,40,Less than 1 year,Fair,No
Male,kuril,speed star net,Fiber Optic,tenda f6,Single-band (2.4GHz),6,240,1000,12,1 to 2 years,Poor,Yes
Male,"Apscl colony, Ashuganj, Brahmanbaria.",RBA,Don't know,Netis,Single-band (2.4GHz),6,1,500,3,2 to 3 years,Fair,Yes
Male,Uttara,Race It,Cat6,Tenda,Don't know,5,30,600,5,2 to 3 years,Good,No
Male,"Narsingdi,Dhaka.",AmarNet,Fiber Optic,TP Link,Dual-band (2.4GHz and 5GHz),2,60,1000,20,1 to 2 years,Good,Yes
Male,"Badda,Dhaka",Sam Online,Cat6,TP link,Single-band (2.4GHz),4,0,600,10,More than 5 years,Fair,Yes
Male,"Kuril, Dhaka",Chomok Hasan Cable,Fiber Optic,Xiome 4C,Single-band (2.4GHz),6,80,800,20,1 to 2 years,Very poor,No
Female,Gazipur,Triangle internet provider,Fiber Optic,TP Link,Single-band (2.4GHz),6,70,1500,5,1 to 2 years,Good,Yes
Male,"Kuril, Dhaka",Kader Cables,Fiber Optic,TP Link,Dual-band (2.4GHz and 5GHz),5,40,800,10,3 to 4 years,Poor,No
Male,"Mirpur, Dhaka",Sb network ,Don't know,Tp link,Dual-band (2.4GHz and 5GHz),5,60,500,5,2 to 3 years,Good,Yes
Male,Kuril,Speed Star.net,Cat5e,D-Link,Don't know,6,120,800,8,Less than 1 year,Fair,No
Male,Khilkhet ,Karnival,Fiber Optic,ASUS RT-N12+,Single-band (2.4GHz),9,60,1500,30,Less than 1 year,Fair,Yes
Male,Kallyanpur ,Bas Network,Fiber Optic,Tp Link,Dual-band (2.4GHz and 5GHz),3,0,1000,50,4 to 5 years,Fair,Yes
Male,Rajshahi ,Fm networks,Fiber Optic,Netis,Single-band (2.4GHz),7,360,525,5,2 to 3 years,Good,Yes
Male,"Bashundhara, Dhaka",Amber IT Limited,Fiber Optic,TP Link,Dual-band (2.4GHz and 5GHz),6,0,1000,20,Less than 1 year,Excellent,Yes
Male,"Nikunjo-2 ,Dhaka",Linktech,Cat6,TP Link,Dual-band (2.4GHz and 5GHz),More than 10 devices,120,1000,10,Less than 1 year,Fair,No
Male,"Niketon, Gulshan, Dhaka",Carnival ,Fiber Optic,TP Link ,Dual-band (2.4GHz and 5GHz),7,10,2000,50,3 to 4 years,Excellent,Yes
Male,"Kollyanpur,dhaka",Inspire Broadband,Fiber Optic,TP-Link Deco,Dual-band (2.4GHz and 5GHz),8,10,2000,90,1 to 2 years,Excellent,Yes
Male,Basundhora ,Dot net,Fiber Optic,Tp link ,Dual-band (2.4GHz and 5GHz),10,70,1000,40,1 to 2 years,Fair,Yes
Male,Nikunja-2,Carnival Internet,Fiber Optic,TP-Link Archer C6,Dual-band (2.4GHz and 5GHz),10,0,1600,30,2 to 3 years,Excellent,Yes
Male,"Mirpur,Dhaka",ICC ,Don't know,TP Link,Single-band (2.4GHz),6,300,500,5,2 to 3 years,Good,Yes
Male,khilkhet,amarnet system,Fiber Optic,tp link ,Dual-band (2.4GHz and 5GHz),1,60,1000,10,3 to 4 years,Good,Yes
Male,Badda Dhaka,Aamra Networks,Fiber Optic,Asus,Dual-band (2.4GHz and 5GHz),More than 10 devices,30,1000,15,2 to 3 years,Poor,No
Male,Bashundhara R/A,Dot Internet ,Fiber Optic,Asus,Dual-band (2.4GHz and 5GHz),7,0,1500,60,2 to 3 years,Fair,Yes
Male,"Bashundhara R/A ,Dhaka",Link 3,Fiber Optic,TP Link,Dual-band (2.4GHz and 5GHz),3,60,1260,20,Less than 1 year,Good,Yes
Male,"kuril,dhaka",ccn,Cat6,Tp lint,Dual-band (2.4GHz and 5GHz),10,60,1500,16,Less than 1 year,Poor,No
Male,Bashundhara R/A,DOT Internet ,Don't know,Tenda,Dual-band (2.4GHz and 5GHz),More than 10 devices,5,1600,60,1 to 2 years,Good,Yes
Male,"Kuratoli,kuril",SamOnline,Fiber Optic,xiaomi,Dual-band (2.4GHz and 5GHz),4,15,600,8,1 to 2 years,Fair,Yes
Male,"Badda, Dhaka ",Sk brothers ,Fiber Optic,Tp link,Don't know,7,120,500,5,3 to 4 years,Good,No
Male,"Mirpur 12, Dhaka",Local provider,Don't know,Tp link,Single-band (2.4GHz),7,60,500,4,Less than 1 year,Fair,No
Male,"Shahzadpur, Gulshan-2",Dot Internet,Fiber Optic,TP Link,Dual-band (2.4GHz and 5GHz),5,10,1000,20,Less than 1 year,Excellent,Yes
Male,"Dhaka,Khilkhet",SSbd,Cat6,TP Link,Dual-band (2.4GHz and 5GHz),5,360,400,5,3 to 4 years,Good,Yes
Female,"khilkhet , Dhaka",SSBD net,Fiber Optic,tp link,Dual-band (2.4GHz and 5GHz),4,60,800,16,2 to 3 years,Fair,Yes
Male,"Keraniganj, Dhaka ",Fast online ,Don't know,Tp link ,Single-band (2.4GHz),6,90,600,7,2 to 3 years,Fair,No
Male,"Vasantek,Dhaka",beacon link,Fiber Optic,archar c60,Dual-band (2.4GHz and 5GHz),5,120,1500,15,1 to 2 years,Poor,Yes
Male,"Jatrabari, Dhaka",BRS,Fiber Optic,TP-LINK,Dual-band (2.4GHz and 5GHz),5,30,800,10,3 to 4 years,Fair,No
Male,"Aftabnagar,Dhaka",exord online,Fiber Optic,Tenda,Single-band (2.4GHz),7,20,850,12,Less than 1 year,Fair,No
Male,"Mirpur, Dhaka",Yousuf,Don't know,Tp link,Single-band (2.4GHz),4,120,500,5,1 to 2 years,Poor,No
Male,"Uttara,Dhaka",TP,Don't know,Tp link,Dual-band (2.4GHz and 5GHz),6,60,1600,30,1 to 2 years,Good,Yes
Male,Khilkhit Dhaka ,Tuhin enterprise,Fiber Optic,Tp-link,Single-band (2.4GHz),5,60,500,3,2 to 3 years,Poor,No
Male,Badda,Dot Internet ,Don't know,Tp Link,Don't know,4,0,1000,5,Less than 1 year,Good,Yes
Male,Bashundhara,cannibal,Fiber Optic,tp link,Dual-band (2.4GHz and 5GHz),4,0,1500,30,1 to 2 years,Good,Yes
Female,"Mirpur,Dhaka",Rakeen Internet,Don't know,TP Link,Single-band (2.4GHz),4,15,1500,15,1 to 2 years,Poor,No
Male,"Koratoli moddho para,khelkhet",Exord,Fiber Optic,Tp link ,Single-band (2.4GHz),6,120,840,20,Less than 1 year,Good,Yes
Female,"Moghbazar,Dhaka",Imran,Fiber Optic,Tenda,Single-band (2.4GHz),6,180,500,1,More than 5 years,Fair,No
Male,"Cantonment, Dhaka",Trust Innovation Limited,Fiber Optic,TP Link,Don't know,4,0,650,8,Less than 1 year,Fair,Yes
Male,Nikunjo 2,Bangol brodband,Cat6,TP link,Dual-band (2.4GHz and 5GHz),More than 10 devices,60,1000,60,Less than 1 year,Good,Yes
Male,Bashundhara ,Dot Internet,Fiber Optic,N/A,Don't know,1,5,1000,40,Less than 1 year,Fair,Yes
Male,"Madhabdi, Narsingdi, Dhaka",Discovery Internet,Fiber Optic,TP Link Archer C6,Dual-band (2.4GHz and 5GHz),8,10,700,15,4 to 5 years,Good,Yes
Male,"Tongi,Gazipur",Circle Internet,Fiber Optic,TP link Archer C20,Dual-band (2.4GHz and 5GHz),5,80,500,20,Less than 1 year,Fair,Yes
Male,"Kuril, Dhaka",Kuril broadband internet,Cat6,Tenda,Dual-band (2.4GHz and 5GHz),4,60,1200,25,Less than 1 year,Good,Yes
Female,"Kuril, Dhaka",Speedstar,Fiber Optic,D-link,Dual-band (2.4GHz and 5GHz),6,45,800,25,1 to 2 years,Fair,Yes
Male,"uttara,Dhaka",Atik ,Fiber Optic,Netis ,Dual-band (2.4GHz and 5GHz),5,60,500,10,1 to 2 years,Poor,No
Male,Mirpur 1 ,Bas internet ,Fiber Optic,Tp-link,Single-band (2.4GHz),6,15,800,10,Less than 1 year,Poor,No
Male,Mirpur 14,Ag Communication,Don't know,Tp Link c20,Dual-band (2.4GHz and 5GHz),8,30,1000,20,4 to 5 years,Fair,No
Male,"Kuril chowrasta,Dhaka",Local,Cat6,Xiomi a4,Dual-band (2.4GHz and 5GHz),10,0,1000,15,Less than 1 year,Good,No
Male,"Dewbog pakka Road,  Narayangonj ",BTCL,Fiber Optic,ZTE,Dual-band (2.4GHz and 5GHz),More than 10 devices,0,1600,30,1 to 2 years,Fair,Yes
Female,"Dhanmondi,dhaka",New lava video and communication ,Don't know,n/a,Dual-band (2.4GHz and 5GHz),5,4,2000,80,4 to 5 years,Excellent,Yes
Male,"Bashundhara R/A, Dhaka",Dot Internet,Fiber Optic,TP Link,Dual-band (2.4GHz and 5GHz),More than 10 devices,30,1500,60,Less than 1 year,Good,Yes
Male,"Notun bazar,Dhaka",Friends net,Cat6,Asus,Don't know,8,100,800,8,Less than 1 year,Very poor,No
Female,Dhaka,Wifi,Don't know,Dont know,Single-band (2.4GHz),6,30,800,1,2 to 3 years,Good,No
Male,"Basundhara R/A,Dhaka",Avijit,Don't know,Tenda,Don't know,4,300,900,25,Less than 1 year,Good,No
Male,Tongi,Rapid network ,Fiber Optic,Tplink,Dual-band (2.4GHz and 5GHz),6,30,600,7,1 to 2 years,Very poor,Yes
Male,"Savar,Dhaka",Star Internet Service,Fiber Optic,TP Link,Dual-band (2.4GHz and 5GHz),6,60,1000,10,2 to 3 years,Fair,Yes
Male,Mirpur-14,ICC communication ,Fiber Optic,Tp Link Archer c6,Dual-band (2.4GHz and 5GHz),More than 10 devices,30,500,15,3 to 4 years,Good,Yes
Male,"Dhanmondi,Dhaka",Dot Internet,Fiber Optic,Tplink,Dual-band (2.4GHz and 5GHz),6,5,1000,40,3 to 4 years,Fair,Yes
Male,Bashundhara R/A,Dot internet ,Fiber Optic,Asus AC 53,Dual-band (2.4GHz and 5GHz),8,10,1050,40,3 to 4 years,Good,Yes
Male,"Mirpur,Dhaka",Gen7,Fiber Optic,TP Link,Single-band (2.4GHz),3,70,500,5,2 to 3 years,Poor,No
Male,"Gaibandha,Rangpur",Link 3,Fiber Optic,Tp link,Dual-band (2.4GHz and 5GHz),5,60,525,5,1 to 2 years,Excellent,No
Female,"Kuril, dhaka",Speed star.net,Fiber Optic,Tp Link,Dual-band (2.4GHz and 5GHz),8,60,800,10,1 to 2 years,Good,Yes
Male,"Jatrabari ,Dhaka",Radiant ,Fiber Optic,TP Link,Dual-band (2.4GHz and 5GHz),4,60,500,8,1 to 2 years,Fair,No
Male,"Basundhara, Dhaka",KS network ,Fiber Optic,TP link,Dual-band (2.4GHz and 5GHz),4,60,1000,20,1 to 2 years,Good,Yes
Male,"Dumni,Dhaka",Tuhin enterprise ,Fiber Optic,ZYXEL,Single-band (2.4GHz),4,0,500,5,1 to 2 years,Fair,No
Male,"Bashundhara R.A, Dhaka",Link3 Technologies Ltd.,Cat6,TP link,Dual-band (2.4GHz and 5GHz),6,0,1000,20,1 to 2 years,Good,Yes
Male,"Savar,Dhaka",Ahsan Habib Polok,Fiber Optic,TP Link,Single-band (2.4GHz),4,60,1000,10,1 to 2 years,Excellent,Yes
Male,Ibrahimpur,Dhaka Fiber Net,Fiber Optic,Tp-Link,Dual-band (2.4GHz and 5GHz),6,30,500,5,2 to 3 years,Good,Yes
Male,"Savar,Dhaka",Ahsan Habib Polok,Fiber Optic,Tenda,Dual-band (2.4GHz and 5GHz),6,30,600,12,Less than 1 year,Good,Yes
Male,"savar, dhaka ",Ahsan Habib Polok,Fiber Optic,tp link,Single-band (2.4GHz),8,60,600,5,2 to 3 years,Good,Yes
Male,"Nagarpur, Tangail",Ahsan Habib Polok,Fiber Optic,N/A,Don't know,1,60,150,10,Less than 1 year,Good,No
Male,"Banasree, Rampura",Expert Online,Fiber Optic,Tp link c20,Dual-band (2.4GHz and 5GHz),4,10,1000,5,More than 5 years,Excellent,Yes
Male,"Bashundara R/A,Dhaka",Samonline,Fiber Optic,TP Link,Dual-band (2.4GHz and 5GHz),6,20,1050,50,Less than 1 year,Good,Yes
Male,Bashundhara R/A,Dot Internet ,Fiber Optic,D-Link ,Single-band (2.4GHz),More than 10 devices,200,1500,43,1 to 2 years,Good,Yes
Male,"Mohammadpur, Dhaka ",Dot net,Fiber Optic,TP Link,Single-band (2.4GHz),4,100,700,18,Less than 1 year,Good,No
Male,"Agargaon, Dhaka",DOT Internet,Fiber Optic,TP Link,Dual-band (2.4GHz and 5GHz),6,0,1000,40,1 to 2 years,Fair,Yes
Male,Uttara,Fast Net Bd,Fiber Optic,Tp-Link,Don't know,5,20,1000,20,1 to 2 years,Good,Yes
Male,"Mouchak , Gazipur ",Ahsan Habib Polok,Fiber Optic,TP Link,Dual-band (2.4GHz and 5GHz),More than 10 devices,30,1200,3,3 to 4 years,Good,Yes
Male,"kuratoli, Dhaka",Carnival,Cat6,TP link,Dual-band (2.4GHz and 5GHz),More than 10 devices,60,1600,20,1 to 2 years,Fair,No
Male,Dhaka Mirpur ,Wi-fi -(Lan-cable),Cat5e,TP-link,Single-band (2.4GHz),4,1,500,7,1 to 2 years,Good,No
Female,Dhaka ,Wifi,Don't know,TP Link ,Don't know,7,2,170,3,1 to 2 years,Good,Yes
Male,"Mirpur, Dhaka",SB Network ,Fiber Optic,Tenda,Dual-band (2.4GHz and 5GHz),10,30,1000,23,2 to 3 years,Good,Yes
Male,Dhaka,Carnival,Cat5e,Tp link,Dual-band (2.4GHz and 5GHz),6,60,500,5,3 to 4 years,Good,Yes
Male,Vatara,Speed Star,Cat5e,Tp-link,Dual-band (2.4GHz and 5GHz),10,12,1000,8,4 to 5 years,Poor,Yes
Male,"khilkhet,Dhaka",tuhin enterprise ,Fiber Optic,Mi router,Single-band (2.4GHz),8,180,500,5,More than 5 years,Fair,No
Male,Kuril,local ,Fiber Optic,pplink,Dual-band (2.4GHz and 5GHz),7,180,1100,16,Less than 1 year,Very poor,No
Male,Dhaka ,Sp dester,Fiber Optic,Tp link,Dual-band (2.4GHz and 5GHz),3,10,1000,8,2 to 3 years,Fair,No
Male,"Nurpur,Dania,Dhaka",The Potato Internet,Fiber Optic,Netgear,Dual-band (2.4GHz and 5GHz),4,10,500,8,More than 5 years,Good,Yes
Male,Kuratoli,Kader Internet,Fiber Optic,TP Link Archer C20,Dual-band (2.4GHz and 5GHz),8,10,1500,25,1 to 2 years,Good,Yes
Male,kuratoli,Robiul,Fiber Optic,TP Link ,Single-band (2.4GHz),3,30,700,10,1 to 2 years,Good,No
Male,"Gazipur,Dhaka",Ahsan Habib Polok,Fiber Optic,tp-link 845 ,Single-band (2.4GHz),3,90,750,2,Less than 1 year,Fair,No
Male,"Joydebpur,Gazipur",Global ICT,Fiber Optic,Zyxel G615,Dual-band (2.4GHz and 5GHz),6,60,1000,20,More than 5 years,Excellent,Yes
Male,"Khagan,Ashulia,Savar,Dhaka",Power Net,Cat5e,Tenda,Don't know,3,60,630,5,1 to 2 years,Very poor,Yes
Male,"Khilkhet, Dhaka",Tuhin internet ,Cat6,TP Link,Dual-band (2.4GHz and 5GHz),8,60,500,5,Less than 1 year,Good,No
Male,Basundhara Residential ,Amber it,Fiber Optic,Netgear,Dual-band (2.4GHz and 5GHz),8,30,1500,16,Less than 1 year,Good,Yes
Male,"Hemayetpur, Savar, Dhaka",Jahid Communication,Fiber Optic,TP Link Archer C6 v4,Dual-band (2.4GHz and 5GHz),More than 10 devices,30,700,200,2 to 3 years,Excellent,Yes
Male,"Nikunja 2, Dhaka",Exord,Don't know,T,Don't know,6,0,860,10,Less than 1 year,Fair,Yes
Male,Dhaka Uttora,carnival ,Fiber Optic,netis ,Dual-band (2.4GHz and 5GHz),5,1,1400,5,2 to 3 years,Excellent,Yes
Female,Uttara ,Amber It,Fiber Optic,TP Link,Don't know,5,60,800,5,1 to 2 years,Fair,No
Male,"Nikunja 2,Dhaka.",Dot Net,Don't know,BederMeyeJossNa?,Dual-band (2.4GHz and 5GHz),6,1.2,1000,5,Less than 1 year,Poor,No
Male,Mirpur,FastNet,Fiber Optic,MI,Don't know,3,120,500,10,1 to 2 years,Poor,No
Male,"Kuratoli,Dhaka",Speed star,Fiber Optic,Tipilink,Dual-band (2.4GHz and 5GHz),6,30,1200,50,Less than 1 year,Fair,Yes
Male,Mirpur,Ovi net,Fiber Optic,Tenda fh456,Dual-band (2.4GHz and 5GHz),6,30,500,5,1 to 2 years,Excellent,Yes
Male,"Uttara,dhaka",Circle network ,Fiber Optic,Tp link ,Single-band (2.4GHz),4,60,1050,5,Less than 1 year,Fair,No
Male,Badda,I dont know,Don't know,Tenda,Dual-band (2.4GHz and 5GHz),8,2,800,9,1 to 2 years,Fair,Yes
Male,"Basabo, Dhaka",Mahfuz Rahman,Fiber Optic,Tenda F3,Dual-band (2.4GHz and 5GHz),4,60,500,6,2 to 3 years,Good,Yes
Male,"kuril,Dhaka",Exord online,Fiber Optic,TP link,Dual-band (2.4GHz and 5GHz),8,60,1200,40,Less than 1 year,Fair,Yes
Female,Uttara,Dont know ,Fiber Optic,TP link,Dual-band (2.4GHz and 5GHz),More than 10 devices,0,1000,6,More than 5 years,Good,Yes
Male,"Sutrapur, Puran Dhaka",Delight broadband service ,Fiber Optic,Tp link,Single-band (2.4GHz),4,60,500,5,2 to 3 years,Fair,No
Male,"Mirpur, Dhaka",SA cyber net,Don't know,TP link,Don't know,6,120,500,5,2 to 3 years,Fair,No
Male,"Kuril,Dhaka.",Exord online,Fiber Optic,TP Link,Dual-band (2.4GHz and 5GHz),More than 10 devices,0,1050,40,1 to 2 years,Good,Yes
Male,Kuril mia bari mosjid,King wifi,Fiber Optic,tp-link,Don't know,4,60,1000,15,2 to 3 years,Good,Yes
Male,Khillhet ,Kings online ,Cat6,TP Link,Single-band (2.4GHz),7,30,1000,10,Less than 1 year,Fair,Yes
Male,"Nodda, Dhaka",Hi-net,Fiber Optic,TP link,Dual-band (2.4GHz and 5GHz),More than 10 devices,0,1500,25,Less than 1 year,Fair,Yes
Male,"Green Road, Dhaka ",Internet Explorer,Fiber Optic,mi,Dual-band (2.4GHz and 5GHz),More than 10 devices,70,1500,20,Less than 1 year,Good,Yes
Male,"Rampura,Dhaka",Unified core limited,Fiber Optic,Tp Link WR940N,Single-band (2.4GHz),5,45,700,7,1 to 2 years,Good,Yes
Male,"Badda, Dhaka",AmberIT,Fiber Optic,TP Link,Don't know,10,30,1000,20,Less than 1 year,Fair,No
Male,"Nikunja-2, Dhaka",Pipex ,Cat5e,TP link,Dual-band (2.4GHz and 5GHz),8,60,1000,20,Less than 1 year,Fair,No
Male,"Nikunja 2, Dhaka",Tuhin Enterprise,Fiber Optic,TP Link,Single-band (2.4GHz),5,90,500,5,1 to 2 years,Poor,No
Male,Dhaka or Rampura,Sam online,Fiber Optic,TP Link,Single-band (2.4GHz),3,0,800,5,Less than 1 year,Good,Yes
Male,"KURIL, DHAKA",SPEED STAR,Cat5e,TENDA,Dual-band (2.4GHz and 5GHz),6,7,800,10,Less than 1 year,Fair,Yes
Male,"Khilkhet Nikunja-2, Dhaka",Pipex Network ,Fiber Optic,Tp Link Archer c6,Dual-band (2.4GHz and 5GHz),10,5,1000,50,Less than 1 year,Good,Yes
Male,Bashundhara r/a,Dot net,Cat6,Asus,Single-band (2.4GHz),5,60,2000,30,Less than 1 year,Good,No
Male,baridhara ja block notun bazar,local internet survice,Cat6,tp link,Single-band (2.4GHz),More than 10 devices,120,800,10,1 to 2 years,Poor,Yes
Male,"Kuril,Dhaka",Speed Star,Fiber Optic,TP Link,Dual-band (2.4GHz and 5GHz),8,20,800,10,Less than 1 year,Poor,No
Female,"Kuril, Dhaka ",King online ,Fiber Optic,TP link,Dual-band (2.4GHz and 5GHz),4,60,500,5,Less than 1 year,Good,Yes
Male,Kuratoli,Carnival,Fiber Optic,mi,Dual-band (2.4GHz and 5GHz),6,30,1000,15,1 to 2 years,Good,Yes
Male,Dhaka,Spider Net,Fiber Optic,TP Link,Dual-band (2.4GHz and 5GHz),6,5,800,10,2 to 3 years,Good,Yes
Male,"Uttara,Dhaka",wifi,Don't know,TP Link ,Single-band (2.4GHz),2,30,1000,10,1 to 2 years,Fair,No
Male,"Kuril, Dhaka",Broadband ,Fiber Optic,TPP,Dual-band (2.4GHz and 5GHz),5,60,800,10,Less than 1 year,Poor,No
Male,"Bashundhara, Dhaka ",Dot net,Fiber Optic,TP link ,Dual-band (2.4GHz and 5GHz),More than 10 devices,0,1200,40,Less than 1 year,Excellent,Yes
Male,"Kuril,Dhaka",Speed,Fiber Optic,Tp link,Dual-band (2.4GHz and 5GHz),10,60,1500,25,Less than 1 year,Poor,No
Male,"Bosundhara,Dhaka ",Bottola cyber  net ,Fiber Optic,TP link ,Dual-band (2.4GHz and 5GHz),8,15,1000,12,Less than 1 year,Good,Yes
Male,"Kuril, Dhaka ",Speed Internet,Fiber Optic,TP Link,Dual-band (2.4GHz and 5GHz),10,20,1500,50,Less than 1 year,Fair,No
Male,"Mirpur,Dhaka",Carnival Internet,Fiber Optic,Deco M4 AC1200 Whole Home Mesh Wi-Fi System,Dual-band (2.4GHz and 5GHz),5,0,1599,30,1 to 2 years,Excellent,Yes
Male,Bashabo,U-turn Technologies,Fiber Optic,TP Link,Single-band (2.4GHz),5,15,500,15,Less than 1 year,Good,Yes
Male,"Kuratoli,kuril Bissho Road,Dhaka ",Amarnet,Fiber Optic,TP Link,Dual-band (2.4GHz and 5GHz),5,45,500,5,Less than 1 year,Good,Yes
Male,"Mirpur, Dhaka",Tlink,Fiber Optic,Dlink,Dual-band (2.4GHz and 5GHz),7,0,800,15,1 to 2 years,Fair,No
Female,Shantinagar,Antaranga,Fiber Optic,TP Link,Single-band (2.4GHz),6,100,650,10,More than 5 years,Good,Yes
Male,Bashundhara ,.internet ,Fiber Optic,Tenda,Dual-band (2.4GHz and 5GHz),More than 10 devices,45,1000,20,1 to 2 years,Good,Yes
Male,"Bashundhara, Dhaka",SamOnline,Fiber Optic,TP-LINK Archer C20,Dual-band (2.4GHz and 5GHz),More than 10 devices,5,1000,15,1 to 2 years,Good,Yes
Female,"Kalachadpur, Dhaka",Link 3,Fiber Optic,Mercusys,Dual-band (2.4GHz and 5GHz),4,60,1200,10,1 to 2 years,Good,Yes
Male,"Kuril, Dhaka",Kamal,Cat5e,TP Link,Dual-band (2.4GHz and 5GHz),2,120,500,5,Less than 1 year,Poor,No
Male,"Cantonment,Dhaka",C-Net,Fiber Optic,"DIR-816, D-LINK",Dual-band (2.4GHz and 5GHz),7,30,1000,12,1 to 2 years,Good,Yes
Male,Bashundhara,Dot Internet,Fiber Optic,Tenda,Dual-band (2.4GHz and 5GHz),5,30,3000,90,Less than 1 year,Good,Yes
Male,Dhaka Cantonment ,Regiment Technologies,Fiber Optic,Netgear,Dual-band (2.4GHz and 5GHz),3,60,500,5,1 to 2 years,Fair,Yes
Male,Bashundhara ,Majeda,Don't know,Tenda,Dual-band (2.4GHz and 5GHz),8,40,1500,10,Less than 1 year,Fair,No
Male,"Notun Bazar,Dhaka",Net plus online ,Cat6,Tenda,Single-band (2.4GHz),More than 10 devices,10,500,5,Less than 1 year,Good,Yes
Male,"Bashundhara, Dhaka.",Dot Internet.,Fiber Optic,TP Link.,Dual-band (2.4GHz and 5GHz),10,15,1000,10,Less than 1 year,Good,Yes
Female,"Motijheel,Dhaka",no Idea ,Don't know,Tenda,Dual-band (2.4GHz and 5GHz),6,60,700,4,1 to 2 years,Poor,No
Male,Nikunja -2,Tufan enterprise,Fiber Optic,Tp link ,Dual-band (2.4GHz and 5GHz),5,60,1000,8,1 to 2 years,Good,Yes
Male,"Kuril Bishwaroad, Dhaka",CCN Network ,Don't know,Tenda,Don't know,4,60,600,5,1 to 2 years,Good,Yes
Male,Bashundhara ,Dot,Fiber Optic,Tp-link,Dual-band (2.4GHz and 5GHz),9,60,1000,20,Less than 1 year,Good,Yes
Male,"Mirpur,Dhaka",DOT INTERNET,Fiber Optic,TP LINK DECO E4,Dual-band (2.4GHz and 5GHz),5,30,1200,10,1 to 2 years,Fair,No
Male,"Kuril Chowrasta, Dhaka",Pandora Technology,Fiber Optic,Tenda,Single-band (2.4GHz),6,0,1000,20,Less than 1 year,Good,Yes
Male,Kuril bisshow road ,Amr net,Cat5e,Tp link,Single-band (2.4GHz),8,60,500,5,Less than 1 year,Fair,No
Male,Banasree,Carnival ,Cat6,Tenda,Single-band (2.4GHz),9,60,800,8,Less than 1 year,Good,No
Male,"kuratoli,kuril,dhaka",speedstar internet (a local isp),Fiber Optic,TP link,Single-band (2.4GHz),4,30,800,10,Less than 1 year,Poor,No
Female,"Bashundhara R/A,Dhaka",Zip,Fiber Optic,TP Link,Single-band (2.4GHz),7,15,1000,20,Less than 1 year,Good,Yes
Male,"Mirpur,Dhaka",The Net Heads,Fiber Optic,Xiaomi ,Don't know,7,20,800,8,1 to 2 years,Good,Yes
Male,Badda,Amber It,Fiber Optic,Netgear ,Single-band (2.4GHz),4,20,1000,20,Less than 1 year,Excellent,Yes
Male,"khilkhet ,Dhaka",Polly IT,Fiber Optic,walton Toronggo,Don't know,4,10,500,5,Less than 1 year,Poor,No
Male,dhaka,speed star,Fiber Optic,tp link,Dual-band (2.4GHz and 5GHz),4,10,2500,60,1 to 2 years,Good,Yes
Male,puran dhaka or dhaka,tp link,Fiber Optic,TP LINK,Dual-band (2.4GHz and 5GHz),5,6,600,10,1 to 2 years,Good,Yes
Male,"Khilgaon, dhaka",E cell,Don't know,Tp link,Don't know,4,1,700,5,2 to 3 years,Good,No
Female,Bashundhara ,Hashtag ,Cat6,To lonk,Dual-band (2.4GHz and 5GHz),7,1,1500,5,2 to 3 years,Good,No
Female,Dhaka or Khilgaon ,Taltola. Net,Don't know,TP link,Single-band (2.4GHz),5,60,500,5,2 to 3 years,Poor,No
Male,"Khilkhet, Dhaka",Infolink ,Fiber Optic,Tenda,Single-band (2.4GHz),10,60,1260,10,Less than 1 year,Good,Yes
Male,"Rampura, Dhaka",Dot Internet,Fiber Optic,Tp Link,Dual-band (2.4GHz and 5GHz),5,0,850,20,3 to 4 years,Excellent,Yes
Female,"Bashundhara R/A, Dhaka",Dot Internet ,Fiber Optic,TP link,Single-band (2.4GHz),5,15,1000,5,Less than 1 year,Good,Yes
Male,"Mugda,Dhaka",Evolution net,Fiber Optic,TP link,Dual-band (2.4GHz and 5GHz),4,60,500,5,4 to 5 years,Fair,No
Male,Uttara,Link3 Technologies ,Fiber Optic,Tenda ,Dual-band (2.4GHz and 5GHz),More than 10 devices,5,655,10,Less than 1 year,Excellent,Yes
Male,"Rupganj,Narayanganj",Rubel,Fiber Optic,Tp link ,Don't know,10,1,1000,10,1 to 2 years,Excellent,Yes
Male,"Uttara,Dhaka",Digital network ,Fiber Optic,Tenda,Dual-band (2.4GHz and 5GHz),6,60,500,5,2 to 3 years,Fair,No
Female,Dhaka ,Don't know,Don't know,TP Link,Dual-band (2.4GHz and 5GHz),6,60,600,5,1 to 2 years,Good,Yes
Male,"Bashundhara, Dhaka ",Link3,Cat6,Tp link ,Dual-band (2.4GHz and 5GHz),8,60,1000,5,1 to 2 years,Poor,No
Male,"Tongi,Dhaka ",Rapid Network ,Cat5e,TP Link ,Single-band (2.4GHz),4,0,500,4,2 to 3 years,Good,Yes
Male,"South Banasree,Dhaka",B.net,Fiber Optic,xiaomi,Don't know,5,120,600,5,1 to 2 years,Good,Yes
Male,"Nikunjo 2 19 road,house 34",Amber,Fiber Optic,xiaomi,Don't know,7,60,1500,45,1 to 2 years,Good,Yes
Male,Mirpur Dhaka,cyber hut,Cat5e,neatgear,Single-band (2.4GHz),4,60,1000,5,1 to 2 years,Good,Yes
Male,"Bashundhara R/A,dhaka",Link3,Fiber Optic,TP link,Dual-band (2.4GHz and 5GHz),5,50,1000,20,Less than 1 year,Fair,No
Male,"Vatara,Dhaka",Mamun,Don't know,Tenda,Don't know,5,60,1000,4,3 to 4 years,Fair,No
Male,"Kuratoli,Dhaka",Amarnet,Don't know,TP-Link,Dual-band (2.4GHz and 5GHz),6,150,1000,20,Less than 1 year,Very poor,No
Male,Bashundhara,KSNetwork Zone,Cat5e,TP link ,Dual-band (2.4GHz and 5GHz),6,1,1000,20,Less than 1 year,Good,No
Male,"Basundhara, Dhaka",Amber IT,Fiber Optic,Mi Router 4C,Single-band (2.4GHz),8,0,1500,35,Less than 1 year,Good,Yes
Female,"Bashabo, Dhaka",Bushra,Fiber Optic,N/A,Don't know,4,3,500,5,More than 5 years,Fair,Yes
Female,"Moghbazar, Dhaka ",Click online ,Don't know,Tp link ,Dual-band (2.4GHz and 5GHz),5,60,500,72,More than 5 years,Good,Yes
Male,"Bosundhora,Dhaka",DOT NET,Fiber Optic,MI ROUTER 4C,Single-band (2.4GHz),5,120,525,10,Less than 1 year,Very poor,No
Female,Mirpur,Inspire Broadband,Fiber Optic,TP Link,Dual-band (2.4GHz and 5GHz),More than 10 devices,60,1000,45,Less than 1 year,Fair,No
Male,Bashundhara C block ,AmberIT Limited,Don't know,Tenda,Don't know,More than 10 devices,180,1000,5,Less than 1 year,Very poor,No
Male,Kuratoli,Internet at home,Cat5e,Walton,Single-band (2.4GHz),6,5,500,5,Less than 1 year,Good,Yes
Male,"Banglamotor,Dhaka",Cisa,Fiber Optic,TP Link,Dual-band (2.4GHz and 5GHz),More than 10 devices,60,800,7,1 to 2 years,Good,Yes
Male,"Bashundhara g block,dhaka",#tag,Fiber Optic,Tp link,Don't know,6,1,1000,5,Less than 1 year,Poor,No
Male,Nikunjo 2,Cyberlink online,Fiber Optic,Tenda,Single-band (2.4GHz),4,60,700,20,Less than 1 year,Good,Yes
Male,"Basundara,C block.",I don't know ,Fiber Optic,Tp link,Dual-band (2.4GHz and 5GHz),9,45,1200,50,Less than 1 year,Good,Yes
Male,Malibag ,Amber it,Fiber Optic,Tp link,Don't know,6,30,1000,10,3 to 4 years,Poor,No
Male,"Bashundhara, Dhaka. ",dotnet ,Don't know,TpLink ,Dual-band (2.4GHz and 5GHz),10,10,1050,40,2 to 3 years,Good,Yes
Male,Balughat ,Faisal ,Fiber Optic,Tp link,Dual-band (2.4GHz and 5GHz),6,120,800,7,1 to 2 years,Poor,No
Male,"Khilgaon,Dhaka",AMS.net,Fiber Optic,TP link,Dual-band (2.4GHz and 5GHz),6,40,500,10,Less than 1 year,Good,Yes
Male,"Rampura, Dhaka ",Exord ,Fiber Optic,Tenda,Single-band (2.4GHz),4,60,840,30,1 to 2 years,Excellent,Yes
Male,"Khilkhet, Dhaka",Circle Network,Fiber Optic,D-Link,Single-band (2.4GHz),7,60,1000,30,Less than 1 year,Good,Yes
Male,Farmgate,Shoukot Internet Service,Fiber Optic,Asus RT-N12+,Single-band (2.4GHz),6,15,500,10,1 to 2 years,Good,Yes
Male,"Old Kachukhet,Dhaka",Don't know,Fiber Optic,TP Link Archer C20,Dual-band (2.4GHz and 5GHz),5,30,600,2,3 to 4 years,Fair,No
Male,"Uttara,Dhaka",Ashkona Online,Fiber Optic,TP Link,Dual-band (2.4GHz and 5GHz),More than 10 devices,0.5,500,5,4 to 5 years,Good,Yes
Male,"Matikata, Dhaka",Don't know,Fiber Optic,TP Link,Don't know,7,0,800,10,Less than 1 year,Good,Yes
Male,"Kuril,Dhaka",Amar Net,Fiber Optic,TP Link,Dual-band (2.4GHz and 5GHz),8,120,1000,20,Less than 1 year,Poor,No
Male,"Sonargaon,Narayanganj ",Broadband zone,Don't know,TP Link,Don't know,8,30,500,1,More than 5 years,Good,Yes
Male,"Ecb chattar, Dhaka ",Brothers cyber net ,Fiber Optic,TP Link,Dual-band (2.4GHz and 5GHz),7,180,1000,15,1 to 2 years,Fair,No
Male,"mugda ,Dhaka",sh net,Cat5e,tp-link,Dual-band (2.4GHz and 5GHz),7,60,500,5,1 to 2 years,Good,No
Male,"Mirpur, Dhaka .",Rawsan ara net ,Don't know,TP Link,Don't know,6,30,500,2,2 to 3 years,Good,Yes
Female,Dhaka,Juairiya ,Don't know,Tp,Don't know,More than 10 devices,20,200,5,Less than 1 year,Good,Yes
Male,"Mirpur 1, Dhaka",Rowshon - Ara cable network,Fiber Optic,Mi Router,Single-band (2.4GHz),4,60,500,5,2 to 3 years,Poor,No
Male,Dhaka ,Hashtag,Don't know,TP Link ,Single-band (2.4GHz),7,30,1000,10,2 to 3 years,Good,Yes
Male,"Savar,Dhaka",sk traders,Fiber Optic,tp link archer c6 gigabit,Dual-band (2.4GHz and 5GHz),6,0,1200,20,1 to 2 years,Good,Yes
Male,"Malibagh, Dhaka",Antaranga dot com,Fiber Optic,Tenda,Dual-band (2.4GHz and 5GHz),5,60,500,15,1 to 2 years,Fair,Yes
Male,"Mirpur,Dhaka",Link3 ,Fiber Optic,TP Link,Dual-band (2.4GHz and 5GHz),3,0,1200,20,2 to 3 years,Good,Yes
Male,"Azimpur,Dhaka",Dot internet,Don't know,Tp link,Don't know,3,0,500,5,1 to 2 years,Good,Yes
Male,"mohakhali, Dhaka",amber it,Cat6,D-link,Dual-band (2.4GHz and 5GHz),7,0,1200,20,2 to 3 years,Good,Yes
Male,Natore ,broadband wifi,Don't know,Tp link,Don't know,7,5,1000,5,4 to 5 years,Good,No
Male,"Kuril,Dhaka",Amar net,Fiber Optic,Tp link,Dual-band (2.4GHz and 5GHz),8,150,1000,20,Less than 1 year,Very poor,No
Male,"Shamoly, Dhaka",Speed Tech,Fiber Optic,D-Link,Single-band (2.4GHz),6,5,700,50,More than 5 years,Good,Yes
Male,"Basundhara residential area, Dhaka ",KS networking ,Fiber Optic,TP link,Dual-band (2.4GHz and 5GHz),4,0,1500,20,Less than 1 year,Good,Yes
Female,"Kuril, Dhaka",Dot net,Don't know,Tenda,Dual-band (2.4GHz and 5GHz),6,10,800,7,Less than 1 year,Fair,Yes
Male,Uttara ,Dot net,Fiber Optic,Tenda,Single-band (2.4GHz),4,60,700,15,Less than 1 year,Good,Yes
Female,"Rampura,Dhaka",M/S Saiba International ,Fiber Optic,TP Link,Dual-band (2.4GHz and 5GHz),7,60,500,5,More than 5 years,Good,Yes
Male,"Kuril, Dhaka",Speed Star,Fiber Optic,Star link,Dual-band (2.4GHz and 5GHz),10,360,1500,40,2 to 3 years,Fair,Yes
Female,"Gazipur,Dhaka",Don't know ,Don't know,"""N/A""",Don't know,5,60,500,5,Less than 1 year,Good,No
Male,"Ulokhola,gazipur ",dipok ,Fiber Optic,Tp Link,Don't know,4,20,600,5,Less than 1 year,Fair,No
Male,"Gazipur , Dhaka , Bangladesh",Circle Network BD,Fiber Optic,Tenda AC23 AC2100,Dual-band (2.4GHz and 5GHz),7,0,2000,100,2 to 3 years,Good,Yes
Male,Dhanmondi ,Explorer,Fiber Optic,TP link,Dual-band (2.4GHz and 5GHz),9,0,500,5,4 to 5 years,Fair,Yes
Male,Mirpur dhaka,Amber it,Fiber Optic,Tp link,Don't know,7,60,1200,5,1 to 2 years,Good,Yes
Male,"Mirpur-1, Dhaka",Mazeda Networks Ltd.,Fiber Optic,Xiaomi Mi Router 4A,Dual-band (2.4GHz and 5GHz),6,0,500,7,More than 5 years,Good,Yes
Male,"Mirpur 1, Dhaka",King's wifi,Don't know,Totolink,Single-band (2.4GHz),3,60,500,5,2 to 3 years,Fair,No
Male,"Kuril, Dhaka",Speed star,Fiber Optic,TP Link,Dual-band (2.4GHz and 5GHz),5,60,800,5,Less than 1 year,Good,No
Male,Hazaribagh ,FNF Online ,Fiber Optic,MI ,Single-band (2.4GHz),6,60,630,10,3 to 4 years,Fair,No
Male,Badda,ACNBD,Cat5e,TP-LINK,Single-band (2.4GHz),8,120,500,10,2 to 3 years,Fair,No
Male,"Nikunja, Dhaka",Abroad net ,Fiber Optic,TP link,Dual-band (2.4GHz and 5GHz),More than 10 devices,30,1000,30,Less than 1 year,Fair,No
Male,Nikunjo dhaka,Abroad net,Fiber Optic,TP Link,Dual-band (2.4GHz and 5GHz),More than 10 devices,30,1000,30,Less than 1 year,Fair,No
Male,Sabujbag Dhaka,Exord Online,Fiber Optic,D-link,Dual-band (2.4GHz and 5GHz),4,0,840,20,1 to 2 years,Excellent,Yes
Male,Nikunja 2,Abroad ,Fiber Optic,Tp link,Dual-band (2.4GHz and 5GHz),More than 10 devices,60,1000,30,Less than 1 year,Good,Yes
Male,"Khilgaon, Dhaka",B.net ,Cat5e,TP Link Archer C20,Dual-band (2.4GHz and 5GHz),4,10,780,20,2 to 3 years,Excellent,Yes
Male,"Natun Bazar , Dhaka ",N/A,Don't know,N/A,Dual-band (2.4GHz and 5GHz),2,360,500,2,Less than 1 year,Fair,Yes
Female,"Noakhali, Chottogram",Super net,Don't know,Tip link,Dual-band (2.4GHz and 5GHz),6,30,700,8,3 to 4 years,Good,Yes
Male,"Khilkhet, dhaka",Amber it,Cat6,D-link ,Dual-band (2.4GHz and 5GHz),8,30,1200,35,Less than 1 year,Good,Yes
Female,"Joar Shahara, Dhaka",Carnival Internet,Fiber Optic,TP Link,Dual-band (2.4GHz and 5GHz),10,5,1599,30,More than 5 years,Good,Yes
Female,Dhaka or Rampura ,DL Network,Don't know,TP Link,Single-band (2.4GHz),5,360,1000,5,1 to 2 years,Fair,No
Male,Mirpur West Shewrapara,Dot Internet,Fiber Optic,TP Link Archer C6,Dual-band (2.4GHz and 5GHz),6,0,1050,40,Less than 1 year,Excellent,Yes
Male,"Elephant Road, Dhaka",Mirror-IT,Fiber Optic,TP Link,Dual-band (2.4GHz and 5GHz),5,30,500,3,1 to 2 years,Fair,No
Male,Mohammadpur,Adabor Online,Fiber Optic,TP LInk,Don't know,4,30,500,4,1 to 2 years,Fair,No
Male,Khilkhet,Bot-Tola Cyber Net,Don't know,TP-Link,Single-band (2.4GHz),5,60,700,10,1 to 2 years,Good,Yes
Male,"Dhanmondi ,Dhaka ",dot internet ,Fiber Optic,tp link archer c60,Dual-band (2.4GHz and 5GHz),7,2,1200,10,1 to 2 years,Good,Yes
Male,"kuril,Dhaka",sam only,Don't know,addis,Dual-band (2.4GHz and 5GHz),6,30,1000,10,Less than 1 year,Fair,No
Female,Bashundhara R/A,Robi,Don't know,Don't know,Don't know,1,1,100,39,Less than 1 year,Poor,No
Male,"Uttara, Dhaka",Carnival ,Fiber Optic,TP Link,Dual-band (2.4GHz and 5GHz),More than 10 devices,10,2000,35,1 to 2 years,Fair,Yes
Male,Khilkhet,Nikunjo net,Don't know,Nikunjo net,Dual-band (2.4GHz and 5GHz),More than 10 devices,140,1000,15,Less than 1 year,Poor,No
Male,"Dhanomondi, Dhaka",Mazeda Networks,Fiber Optic,TP LINK,Don't know,7,0,600,14,4 to 5 years,Excellent,Yes
Male,"Laxmipur Paramedical Road, Rajshahi.",ICC Communication Internet,Fiber Optic,TP Link,Single-band (2.4GHz),4,30,600,10,Less than 1 year,Excellent,Yes
Male,"Dhanmondi,Jigatola",MAHIR DOT NET,Fiber Optic,TP Link,Single-band (2.4GHz),6,60,700,10,Less than 1 year,Good,Yes
Male,"Nikunjo 2, Dhaka",Dont know,Don't know,Tp link,Don't know,4,60,1000,12,Less than 1 year,Good,Yes
Male,Dhaka,do not know,Don't know,TP-Link,Dual-band (2.4GHz and 5GHz),5,1,1000,15,1 to 2 years,Good,No
Male,"Bosundhara,Dhaka ",Internet Service ,Fiber Optic,Tp-link,Don't know,2,60,1200,5,Less than 1 year,Good,Yes
Male,"Kuril, Dhaka.",King Online ,Cat6,TP Link,Dual-band (2.4GHz and 5GHz),5,120,800,10,1 to 2 years,Good,Yes
Female,"Mohammadpur,Dhaka",Smile,Fiber Optic,TP Lin,Single-band (2.4GHz),3,60,1000,5,Less than 1 year,Good,Yes
Male,"Dakshinkhan,Uttara -1230",SSRM,Fiber Optic,MI,Dual-band (2.4GHz and 5GHz),3,120,700,15,1 to 2 years,Good,No
Male,"Khlkhet,Dhaka",Pipex,Don't know,TP Link,Don't know,More than 10 devices,30,1000,30,Less than 1 year,Good,No
Male,Rajshahi,ICC Comunication,Fiber Optic,TP-Link Archar C-54,Dual-band (2.4GHz and 5GHz),8,0,500,8,1 to 2 years,Excellent,Yes
Male,Farmgate,Eoiction,Don't know,Tenda,Dual-band (2.4GHz and 5GHz),6,180,500,6,Less than 1 year,Good,Yes
Male,Uttara,Broadband ,Fiber Optic,Tp Link,Dual-band (2.4GHz and 5GHz),9,5,500,1,3 to 4 years,Good,Yes
Male,badda,ccn,Cat6,tenda a15,Dual-band (2.4GHz and 5GHz),8,60,1000,10,Less than 1 year,Good,Yes
Male,"Nikunja,Dhaka",Link3,Fiber Optic,Tenda,Single-band (2.4GHz),More than 10 devices,0,1260,20,2 to 3 years,Fair,Yes
Male,"Narayanganj,Dhaka",Alpha,Fiber Optic,Asus,Single-band (2.4GHz),7,60,1200,5,2 to 3 years,Good,Yes
Male,"Mohammadpur, Dhaka",Dot Internet ,Fiber Optic,TP Link,Dual-band (2.4GHz and 5GHz),4,10,1000,8.7,2 to 3 years,Excellent,Yes
Male,"Farhan, Motijheel Dhaka",Dot net,Don't know,TP link,Single-band (2.4GHz),2,10,800,3,2 to 3 years,Good,Yes
Male,"Bashundhara, Dhaka",DoT internet,Fiber Optic,TP Link Archer C6 v4,Dual-band (2.4GHz and 5GHz),4,0,1050,100,Less than 1 year,Excellent,Yes
Male,"Mirpur-1,Dhaka",IT net,Fiber Optic,Tp link,Single-band (2.4GHz),8,90,1500,5,Less than 1 year,Fair,No
Male,"Kuril, Dhaka.",AmarNet,Fiber Optic,Huawei ,Don't know,8,180,800,12,1 to 2 years,Poor,No
Male,"Mirpur, Dhaka",Amber it,Fiber Optic,tp-link,Dual-band (2.4GHz and 5GHz),5,30,1200,20,2 to 3 years,Good,Yes
Female,"North Badda , Abdullahbag,Dhaka",Link 71 Internet ,Fiber Optic,TP Link,Dual-band (2.4GHz and 5GHz),6,30,800,72,4 to 5 years,Excellent,Yes
Male,"Basundhara , Dhaka",Infolink,Cat6,Tp-Link,Don't know,5,0,1000,5,Less than 1 year,Fair,No
Male,Dhaka,DOT Internet ,Fiber Optic,TP Link,Dual-band (2.4GHz and 5GHz),7,60,850,10,3 to 4 years,Good,Yes
Male,"kuril,dhaka",dot internet,Don't know,tiplink,Dual-band (2.4GHz and 5GHz),9,49,1000,10,Less than 1 year,Fair,No
Male,"Rupnagar residential area,mirpur.-2 ,Dhaka 1216",Dot internet,Fiber Optic,Deco e4,Dual-band (2.4GHz and 5GHz),6,30,1260,50,Less than 1 year,Excellent,Yes
Male,"Bashundara, Dhaka ",Dot internet ,Fiber Optic,TP Link,Dual-band (2.4GHz and 5GHz),7,0,1575,60,3 to 4 years,Good,Yes
Male,Boshundhara R/A Block:F Road:Abdur Sadeeq Road,Dot,Fiber Optic,TP link,Dual-band (2.4GHz and 5GHz),4,60,1000,10,Less than 1 year,Good,Yes
Male,"cumilla,chittagong",link 3,Fiber Optic,tp link,Dual-band (2.4GHz and 5GHz),5,120,1200,30,3 to 4 years,Good,Yes
Female,Mirpur dhaka,Tp link,Fiber Optic,Tp link,Dual-band (2.4GHz and 5GHz),1,60,500,10,1 to 2 years,Excellent,Yes
Male,"Nikunja 2, Dhaka",Don't know,Fiber Optic,TP Link,Don't know,9,60,1200,5,Less than 1 year,Good,Yes
Male,"Nikunja-02, Khilkhet",Exord Online,Fiber Optic,TP link,Single-band (2.4GHz),5,240,1000,20,Less than 1 year,Fair,No
Male,Dhaka,Bus network,Fiber Optic,TP Link,Dual-band (2.4GHz and 5GHz),7,60,1000,92,More than 5 years,Good,Yes
Male,"Dhaka Cantonment, Dhaka",Fast cyber,Don't know,Tp link ,Don't know,7,120,700,5,1 to 2 years,Fair,No
Male,"Kuril,Dhaka",King online,Fiber Optic,Tenda,Dual-band (2.4GHz and 5GHz),3,1.5,800,2,More than 5 years,Good,No
Male,Kuril,Friends broadband service ,Fiber Optic,Tenda,Dual-band (2.4GHz and 5GHz),4,30,1200,10,1 to 2 years,Fair,Yes
Male,"Jurain,Dhaka",Business Zone Ltd,Fiber Optic,Tp Link,Single-band (2.4GHz),8,0,500,10,More than 5 years,Good,Yes
Male,"Uttara,Dhaka",DOT,Fiber Optic,Tenda F16,Dual-band (2.4GHz and 5GHz),6,5,60,15,3 to 4 years,Fair,No
Male,"Nikunjo, Dhaka ",Amber it,Cat6,D-Link ,Dual-band (2.4GHz and 5GHz),8,30,1200,35,Less than 1 year,Good,No
Male,"narayanganj sadar, dhaka",Link3,Fiber Optic,Tp-link archer c60,Dual-band (2.4GHz and 5GHz),7,3,800,10,3 to 4 years,Fair,No
Female,"Segunbagicha, Dhaka",Dont know ,Fiber Optic,Dont know ,Don't know,5,60,600,5,2 to 3 years,Poor,No
Male,"Dhanmondi, dhaka",Mazeda net,Fiber Optic,Tenda,Dual-band (2.4GHz and 5GHz),5,60,750,4,1 to 2 years,Fair,No
Male,"Vatara,Dhaka.",Md. Mamun,Don't know,TP Link,Don't know,More than 10 devices,1,500,5,Less than 1 year,Fair,No
Male,"Kuril, Dhaka",NETPLUS ONLINE,Fiber Optic,Netis,Single-band (2.4GHz),6,60,1000,15,Less than 1 year,Poor,No
Male,"Mohammadpur, Dhaka",Dot Internet ,Cat6,Tenda,Dual-band (2.4GHz and 5GHz),8,0,1500,25,1 to 2 years,Excellent,Yes
Male,"East Rampura, Dhaka",Dot internet,Fiber Optic,TP-Link Archer C6 AC1200,Dual-band (2.4GHz and 5GHz),6,0,890,25,Less than 1 year,Excellent,Yes
Male,Bashundhara ,Rj,Fiber Optic,Tp link,Dual-band (2.4GHz and 5GHz),2,10,1000,10,1 to 2 years,Good,Yes
Male,Uttara,Dot,Don't know,TP link,Don't know,5,30,1500,30,3 to 4 years,Good,Yes
Female,Bashundhara dhaka ,Idk ,Don't know,N/A,Single-band (2.4GHz),6,2,800,5,Less than 1 year,Good,No
Female,Azimpur,KS Network Ltd,Don't know,KS Network Ltd,Don't know,5,60,500,5,Less than 1 year,Good,No
Male,Nikunja ,Aboard Online,Fiber Optic,TP-Link,Dual-band (2.4GHz and 5GHz),More than 10 devices,0,1000,30,Less than 1 year,Fair,No
Male,"Rampura,Dhaka",The Net,Don't know,TP Link,Single-band (2.4GHz),3,10,700,10,3 to 4 years,Fair,No
Male,"GABTALI , BOGURA",HASIBUL,Fiber Optic,TP-LINK C54,Dual-band (2.4GHz and 5GHz),7,4,1500,10,Less than 1 year,Fair,Yes
Male,"Mirpur, Dhaka",Inspire Broadband,Fiber Optic,TP-LINK,Dual-band (2.4GHz and 5GHz),More than 10 devices,1,1000,40,1 to 2 years,Good,Yes
Male,"Khilkhet,dhaka",Satoru Gojo,Fiber Optic,TP Link,Dual-band (2.4GHz and 5GHz),8,600,700,10,Less than 1 year,Fair,Yes
Male,"Bashundhara, Dhaka",Mazeda,Cat6,Tp link,Dual-band (2.4GHz and 5GHz),10,1440,1500,45,Less than 1 year,Good,Yes
Male,"Kuril Biswaroad, Dhaka",Kings online service ,Don't know,Tp Link,Single-band (2.4GHz),5,60,800,10,Less than 1 year,Good,Yes
Male,"Kuril Bisshoroad,Dhaka",Kings online service ,Don't know,TP Link,Single-band (2.4GHz),6,60,800,10,Less than 1 year,Good,Yes
Female,"Dhaka, mirpur ",Dont know ,Cat5e,Tp link,Single-band (2.4GHz),5,1,700,10,1 to 2 years,Fair,Yes
Male,"Basaboo,Dhaka",flashnet.bd,Fiber Optic,TP link,Dual-band (2.4GHz and 5GHz),More than 10 devices,0,1000,60,1 to 2 years,Good,Yes
Female,"Mirpur, Dhaka",Nation communication AmarlSP,Don't know,Tp link,Don't know,4,60,500,65,Less than 1 year,Excellent,No
Male,Uttara,Don't Know ,Fiber Optic,TP Link,Don't know,2,120,500,5,4 to 5 years,Poor,Yes
Male,"Badda,Dhaka",Dot internet ,Fiber Optic,TP Link,Dual-band (2.4GHz and 5GHz),6,0,1050,40,Less than 1 year,Good,Yes
Male,"Kafrul, Dhaka",Triangle,Don't know,TP Link,Dual-band (2.4GHz and 5GHz),6,30,500,5,2 to 3 years,Poor,No
Male,Uttara ,Star network ,Don't know,TP-Link ,Single-band (2.4GHz),7,60,500,5,2 to 3 years,Fair,Yes
Female,"South Banasree, Dhaka.",B net,Fiber Optic,TP link,Dual-band (2.4GHz and 5GHz),6,30,1500,60,1 to 2 years,Good,Yes
Male,Dhaka ,Borders net,Cat5e,Tp link,Dual-band (2.4GHz and 5GHz),7,1,500,5,Less than 1 year,Very poor,No
Female,Nikunja ,Abroad Online ,Fiber Optic,Tp link,Dual-band (2.4GHz and 5GHz),10,60,0,5,More than 5 years,Good,Yes
Male,"Bashundhara R/A, Dhaka",DOT,Fiber Optic,TP-LINK,Dual-band (2.4GHz and 5GHz),8,0,890,25,Less than 1 year,Poor,No
Male,Kuril,Digital Cyber Net - DCN,Fiber Optic,Tenda AC23,Dual-band (2.4GHz and 5GHz),3,50,800,10,Less than 1 year,Very poor,No
Female,"KURATOLI,KHIKHET THANA ,DHAKA",KING,Fiber Optic,TENDA,Don't know,4,40,700,15,Less than 1 year,Good,Yes
Male,kuril,amber it,Fiber Optic,tenda,Dual-band (2.4GHz and 5GHz),6,30,1200,35,Less than 1 year,Fair,Yes
Female,"Mirpur,Dhaka",TP-link,Fiber Optic,TP link,Single-band (2.4GHz),6,20,500,5,More than 5 years,Fair,Yes
Female,Notun bazar vatara,Tp link,Fiber Optic,Tp link ,Dual-band (2.4GHz and 5GHz),2,3,1000,16,Less than 1 year,Excellent,Yes
Male,"Tongi,Gazipur.",Fiber net,Fiber Optic,Tp link,Dual-band (2.4GHz and 5GHz),5,6,1500,20,1 to 2 years,Excellent,Yes
Male,"Motijheel,Dhaka",JBH,Fiber Optic,D-Link,Don't know,5,30,500,10,Less than 1 year,Good,Yes
Male,"Mohammadpur, Dhaka",Al-Amin (Local),Fiber Optic,TP Link,Dual-band (2.4GHz and 5GHz),4,90,500,5,Less than 1 year,Good,No
Male,"kuratuli,Dhaka",smile,Don't know,asus,Don't know,5,60,800,8,Less than 1 year,Good,Yes
Male,"Badda,Dhaka",Star net,Fiber Optic,Tp-link,Single-band (2.4GHz),4,240,800,2,Less than 1 year,Very poor,No
Male,Dhaka,Link 3,Don't know,6BRAD,Don't know,8,60,1500,6,Less than 1 year,Very poor,No
Male,Dhaka,Speed star,Cat6,ASUS RT-AC53 AC750 750Mbps Dual Band WiFi Router,Dual-band (2.4GHz and 5GHz),5,60,800,10,Less than 1 year,Good,Yes
Male,Mirpur,Talmuri Net,Cat5e,TL-WR820N,Single-band (2.4GHz),5,0,500,2,2 to 3 years,Fair,Yes
Male,"Banasree, Dhaka",Dot.net,Fiber Optic,TP link,Don't know,3,80,1000,10,Less than 1 year,Good,No
Male,Rampura,Dklink,Fiber Optic,TP Link,Dual-band (2.4GHz and 5GHz),6,40,600,15,Less than 1 year,Poor,No
Male,"Bashundhara R/A, Dhaka",Mazeda network ltd,Fiber Optic,Tenda,Single-band (2.4GHz),9,120,1000,20,Less than 1 year,Very poor,No
Male,BOOSUNDORA,DOT INTERNET,Fiber Optic,TP LINK C56,Dual-band (2.4GHz and 5GHz),10,0,1050,40,Less than 1 year,Good,Yes
Male,Rampura Banasree,Dot Internet ,Fiber Optic,T/P link,Don't know,4,60,1000,20,Less than 1 year,Excellent,Yes
Male,mirpur,vintage network,Don't know,tp link,Don't know,5,30,700,12,More than 5 years,Fair,Yes
Male,"Hazaribagh, Dhaka",Gungchil Internet,Fiber Optic,Tenda,Dual-band (2.4GHz and 5GHz),7,30,1000,3,More than 5 years,Good,No
Male,"Natun Bazar,Dhaka",Bracknet,Don't know,TP Link,Single-band (2.4GHz),5,40,600,5,Less than 1 year,Good,Yes
Male,"Nikunjo-2, Dhaka, Bangladesh ",BOL system ,Cat6,Tp link,Dual-band (2.4GHz and 5GHz),6,30,800,20,Less than 1 year,Poor,No
Male,Wari ,Amberit,Fiber Optic,TP Link,Dual-band (2.4GHz and 5GHz),8,5,1000,10,3 to 4 years,Good,Yes
Male,mirpur,pacenet,Fiber Optic,mikrotik,Dual-band (2.4GHz and 5GHz),More than 10 devices,0,3999,50,3 to 4 years,Excellent,Yes
Male,"Malibagh, Dhaka",Dot Internet,Fiber Optic,TP Link Archer C6,Dual-band (2.4GHz and 5GHz),5,0,1050,300,1 to 2 years,Good,Yes
Female,"Mohammadpur,Dhaka",don't know,Cat5e,asus,Dual-band (2.4GHz and 5GHz),3,60,1000,5,2 to 3 years,Good,Yes
Female,"Kuratoli, khilkhet, dhaka",King online,Fiber Optic,TP Link,Dual-band (2.4GHz and 5GHz),3,120,500,5,Less than 1 year,Good,Yes
Male,"Mirpur 1, Dhaka",Dot Internet,Fiber Optic,Tp Link,Single-band (2.4GHz),5,20,890,25,Less than 1 year,Good,Yes
Male,Mirpur,Dot internet,Fiber Optic,asus,Dual-band (2.4GHz and 5GHz),3,10,1500,60,1 to 2 years,Good,Yes
Female,"Kuril, Dhaka",Speedstar. net,Fiber Optic,Tenda,Don't know,4,30,800,8,Less than 1 year,Good,Yes
Female,Dhaka,I dont know,Fiber Optic,Tp link,Single-band (2.4GHz),5,60,1000,10,2 to 3 years,Fair,Yes
Male,Bashundhara,Circle Network,Fiber Optic,Tp link,Dual-band (2.4GHz and 5GHz),3,45,1100,90,1 to 2 years,Fair,Yes
Male,Dhaka or Khilkhet,BTCL,Fiber Optic,TP link,Don't know,8,60,840,20,Less than 1 year,Fair,Yes
Male,savar dhaka,asma Board line ,Don't know,TP Link,Dual-band (2.4GHz and 5GHz),6,2,800,2,4 to 5 years,Good,No
Male,"Tongi, gazipur.",Dot internet,Fiber Optic,Tp-link ,Dual-band (2.4GHz and 5GHz),3,120,850,25,Less than 1 year,Good,Yes
Male,Dhaka Basundhora ,Dot internet,Don't know,TP Link ,Don't know,More than 10 devices,30,1575,60,Less than 1 year,Good,Yes
Male,Dhaka or Badda,Dot Internet,Fiber Optic,"TP Link , Archer C6.",Dual-band (2.4GHz and 5GHz),10,30,1050,40,Less than 1 year,Good,Yes
Female,"Uttara,Dhaka",Wi-Fi ,Don't know,TP Link,Single-band (2.4GHz),4,60,500,5,3 to 4 years,Good,Yes
Male,"Savar,Dhaka",Didar IT,Fiber Optic,Tp-link archer c20,Dual-band (2.4GHz and 5GHz),5,0,1900,20,1 to 2 years,Good,Yes
Male,Tamjid Niloy ,Star Tech ,Fiber Optic,TP link,Single-band (2.4GHz),2,1,500,5,Less than 1 year,Poor,No
Male,Uttara,Ct net,Don't know,Tp link,Single-band (2.4GHz),6,20,500,5,1 to 2 years,Good,Yes
Male,Dhanmondhi ,DOT,Fiber Optic,Tp Link archer c6,Dual-band (2.4GHz and 5GHz),7,0,890,25,3 to 4 years,Fair,Yes
Male,"Khilkhet, Dhaka",Speed Star,Cat6,TP Link ,Don't know,6,5,600,10,Less than 1 year,Good,No
Female,"Jashore,Khulna division ",Link3,Don't know,TP Link,Single-band (2.4GHz),5,120,500,5,2 to 3 years,Good,Yes
Male,"Kuril, Dhaka ",Abc network ,Don't know,Tenda,Dual-band (2.4GHz and 5GHz),3,30,1000,10,Less than 1 year,Good,Yes
Male,Bashundhara RA,Orbit,Don't know,TP Link archer c6,Dual-band (2.4GHz and 5GHz),More than 10 devices,10,1500,20,Less than 1 year,Fair,Yes
Male,"Badda,dhaka",Dot,Don't know,TP link,Dual-band (2.4GHz and 5GHz),2,120,1050,40,1 to 2 years,Good,Yes
Male,Dania,Speed star,Fiber Optic,tp link,Dual-band (2.4GHz and 5GHz),More than 10 devices,0,1500,50,1 to 2 years,Excellent,Yes
Male,Bashundhara residential area,Dot,Fiber Optic,TP link mesh router,Single-band (2.4GHz),7,20,1000,20,Less than 1 year,Good,Yes
Male,"Gulshan-2,  Dhaka",MIME internet,Fiber Optic,TP LINK,Dual-band (2.4GHz and 5GHz),More than 10 devices,120,1000,20,Less than 1 year,Good,Yes
Male,"Mirpur 14 , Dhaka",Asus,Fiber Optic,Asus,Dual-band (2.4GHz and 5GHz),5,10,500,6,3 to 4 years,Poor,Yes
Male,"Basundhora, Dhaka",Dot Internet,Fiber Optic,TP Link,Dual-band (2.4GHz and 5GHz),More than 10 devices,60,2100,80,Less than 1 year,Fair,Yes
Male,"Motijheel, Dhaka",Link3,Fiber Optic,Tenda,Dual-band (2.4GHz and 5GHz),3,0,1500,24,2 to 3 years,Excellent,Yes
Male,"kuratoli bazar ,dhaka",superstar isp,Cat5e,tenda dual band,Dual-band (2.4GHz and 5GHz),4,0,600,5,1 to 2 years,Good,Yes
Male,"Mirpur 1, Dhaka",BAS Network,Cat5e,Tp link ,Dual-band (2.4GHz and 5GHz),4,60,500,10,Less than 1 year,Fair,No
Female,"Uttara,Dhaka",Shagor,Fiber Optic,TP Link,Don't know,8,30,500,5,More than 5 years,Poor,No
Male,"Kuratoli,Kuril,Dhaka",SpeedStar.net,Fiber Optic,Tenda,Dual-band (2.4GHz and 5GHz),4,30,800,8,Less than 1 year,Fair,No
Female,"Kuril, Dhaka",Speedstar,Fiber Optic,Tp-link,Dual-band (2.4GHz and 5GHz),More than 10 devices,120,600,5,1 to 2 years,Poor,No
Male,"Mollartek, uttara, Dhaka-1230",Sky net,Fiber Optic,TP Link,Dual-band (2.4GHz and 5GHz),5,40,2500,20,More than 5 years,Fair,Yes
Male,Dhaka cantonment,Bothers cyber,Cat6,Tp link,Dual-band (2.4GHz and 5GHz),7,30,1000,15,2 to 3 years,Poor,No
Male,bashundhara,dot internet,Fiber Optic,tp link,Dual-band (2.4GHz and 5GHz),More than 10 devices,60,2100,80,Less than 1 year,Poor,Yes
Female,"Shoniakhra, Dhaka ",Routers ,Don't know,Tenda,Don't know,5,60,700,5,Less than 1 year,Fair,Yes
Male,"Bashundhara, Dhaka",Dot Internet,Fiber Optic,TP Link,Dual-band (2.4GHz and 5GHz),8,30,1050,40,Less than 1 year,Fair,No
Female,Dhaka ,Sky view,Fiber Optic,TP link,Dual-band (2.4GHz and 5GHz),5,90,800,15,1 to 2 years,Good,Yes
Female,"Banglamotor, Dhaka",SkyInk,Cat5e,D-Link,Single-band (2.4GHz),6,60,700,5,More than 5 years,Good,Yes
Male,"Khilkhet, dhaka",Amber it,Fiber Optic,Mi router,Dual-band (2.4GHz and 5GHz),More than 10 devices,10,1200,35,Less than 1 year,Excellent,Yes
Male,Kuril ,Telcome ,Fiber Optic,Tap Link,Don't know,More than 10 devices,45,1000,20,1 to 2 years,Good,Yes
Male,Bashundhara R/A,DOT Internet ,Fiber Optic,Tenda,Single-band (2.4GHz),8,60,1050,40,2 to 3 years,Good,Yes
Female,"Kuril,Badda, Dhaka ",Starspeed,Fiber Optic,Tendar,Don't know,6,60,500,10,Less than 1 year,Poor,No
Male,"Dhanmondi, Dhaka",Dot Internet,Fiber Optic,TP Link,Dual-band (2.4GHz and 5GHz),More than 10 devices,20,1260,50,More than 5 years,Good,Yes
Male,Bashundhara R/A,Dot Internet,Fiber Optic,TP Link,Dual-band (2.4GHz and 5GHz),8,35,1260,50,1 to 2 years,Good,Yes
